05.03 19:09:46:991 [KP] Запуск КП ВКО
05.03 19:09:49:047 SPRO обнаружена цель ID:76f874b с координатами 4280921 3434823
05.03 19:09:49:119 RLS2 обнаружена цель ID:d9adads с координатами 2524185 1097047
05.03 19:09:49:188 RLS1 обнаружена цель ID:1c11a9r с координатами 3646208 1108309
05.03 19:09:50:092 RLS2 обнаружена цель ID:1c11a9r с координатами 3646208 1108309
05.03 19:09:50:161 RLS1 обнаружена цель ID:44f24bs с координатами 6245040 4863801
05.03 19:09:50:231 RLS1 обнаружена цель ID:6be53fb с координатами 5830225 5069791
05.03 19:09:50:306 RLS2 обнаружена цель ID:fa6458s с координатами 2282041 2074033
05.03 19:09:50:377 RLS1 обнаружена цель ID:103f89b с координатами 5008198 7196944
05.03 19:09:50:448 RLS1 обнаружена цель ID:76f874b с координатами 4280921 3434823
05.03 19:09:50:528 RLS1 обнаружена цель ID:33d877r с координатами 6348083 6705470
05.03 19:09:50:605 RLS1 обнаружена цель ID:1765ceb с координатами 4781779 2387835
05.03 19:09:50:679 ZRDN2 обнаружена цель ID:d3121as с координатами 9232882 4508847
05.03 19:09:50:753 RLS1 обнаружена цель ID:fd75b8r с координатами 4782302 2112749
05.03 19:09:50:828 ZRDN3 обнаружена цель ID:5d4547s с координатами 11394979 4712819
05.03 19:09:50:897 RLS1 работоспособность подтверждена
05.03 19:09:50:968 ZRDN1 работоспособность подтверждена
05.03 19:09:51:038 ZRDN2 работоспособность подтверждена
05.03 19:09:51:107 ZRDN3 работоспособность подтверждена
05.03 19:09:51:702 SPRO работоспособность подтверждена
05.03 19:09:51:803 RLS3 работоспособность подтверждена
05.03 19:09:51:900 RLS2 работоспособность подтверждена
05.03 19:09:51:985 RLS1 обнаружена цель ID:74c6d7b с координатами 4715624 2677444
05.03 19:09:52:072 RLS1 обнаружена цель ID:b9db81s с координатами 4295044 4963668
05.03 19:09:52:655 RLS1 обнаружена цель ID:6df041b с координатами 5340463 5799829
05.03 19:09:52:735 RLS1 обнаружена цель ID:1c11a9r с координатами 3646416 1108618
05.03 19:09:52:808 ZRDN2 выстрел по цели ID:d3121as выстрел, осталось 19
05.03 19:09:52:879 ZRDN3 выстрел по цели ID:5d4547s выстрел, осталось 19
05.03 19:09:52:951 RLS1 обнаружена цель ID:44f24bs с координатами 6245080 4863602
05.03 19:09:53:023 RLS1 обнаружена цель ID:6be53fb с координатами 5826450 5062582
05.03 19:09:53:111 RLS1 цель движется в направлении СПРО ID:6be53fb
05.03 19:09:53:194 RLS1 обнаружена цель ID:103f89b с координатами 5013396 7189888
05.03 19:09:53:269 SPRO выстрел по цели ID:76f874b выстрел, осталось 9
05.03 19:09:53:352 RLS1 обнаружена цель ID:76f874b с координатами 4284842 3442646
05.03 19:09:53:436 RLS1 обнаружена цель ID:33d877r с координатами 6348166 6704940
05.03 19:09:53:518 RLS1 обнаружена цель ID:1765ceb с координатами 4783558 2396670
05.03 19:09:54:117 RLS2 обнаружена цель ID:d9adads с координатами 2524370 1097094
05.03 19:09:54:203 RLS1 обнаружена цель ID:fd75b8r с координатами 4782604 2113498
05.03 19:09:54:287 RLS2 обнаружена цель ID:1c11a9r с координатами 3646416 1108618
05.03 19:09:54:377 RLS1 обнаружена цель ID:7aaba2r с координатами 5284318 6931018
05.03 19:09:54:460 RLS2 обнаружена цель ID:fa6458s с координатами 2282082 2074066
05.03 19:09:55:572 RLS1 обнаружена цель ID:74c6d7b с координатами 4717436 2686666
05.03 19:09:56:154 RLS1 обнаружена цель ID:b9db81s с координатами 4295066 4963502
05.03 19:09:56:226 RLS1 обнаружена цель ID:7aaba2r с координатами 5284977 6930527
05.03 19:09:58:855 SPRO промах по цели ID:76f874b Промах
05.03 19:10:00:411 RLS1 обнаружена цель ID:55674eb с координатами 6150947 4863664
05.03 19:10:00:506 RLS1 обнаружена цель ID:572e6fb с координатами 6280221 4871269
05.03 19:10:01:095 RLS1 работоспособность подтверждена
05.03 19:10:01:168 RLS2 работоспособность подтверждена
05.03 19:10:01:765 RLS3 работоспособность подтверждена
05.03 19:10:02:869 ZRDN1 работоспособность подтверждена
05.03 19:10:03:473 ZRDN3 работоспособность подтверждена
05.03 19:10:03:580 ZRDN2 работоспособность подтверждена
05.03 19:10:04:195 SPRO работоспособность подтверждена
05.03 19:10:11:892 ZRDN3 работоспособность подтверждена
05.03 19:10:11:989 ZRDN2 работоспособность подтверждена
05.03 19:10:12:606 SPRO выстрел по цели ID:76f874b выстрел, осталось 8
05.03 19:10:12:706 SPRO работоспособность подтверждена
05.03 19:10:18:437 RLS1 работоспособность подтверждена
05.03 19:10:18:518 RLS2 работоспособность подтверждена
05.03 19:10:19:118 RLS3 работоспособность подтверждена
05.03 19:10:19:516 [KP] ZRDN1 не отвечает на проверку работоспособности
05.03 19:10:21:774 ZRDN1 работоспособность подтверждена
05.03 19:10:24:429 ZRDN2 работоспособность подтверждена
05.03 19:10:24:537 ZRDN3 работоспособность подтверждена
05.03 19:10:25:646 SPRO работоспособность подтверждена
05.03 19:10:29:343 [KP] RLS1 не отвечает на проверку работоспособности
05.03 19:10:29:439 [KP] RLS2 не отвечает на проверку работоспособности
05.03 19:10:29:543 [KP] RLS3 не отвечает на проверку работоспособности
05.03 19:10:33:502 RLS1 работоспособность подтверждена
05.03 19:10:33:617 RLS2 работоспособность подтверждена
05.03 19:10:34:762 RLS3 работоспособность подтверждена
05.03 19:10:37:430 ZRDN1 работоспособность подтверждена
05.03 19:10:39:809 [KP] SPRO не отвечает на проверку работоспособности
05.03 19:10:39:993 [KP] ZRDN2 не отвечает на проверку работоспособности
05.03 19:10:40:121 [KP] ZRDN3 не отвечает на проверку работоспособности
05.03 19:10:41:760 ZRDN2 работоспособность подтверждена
05.03 19:10:42:366 ZRDN3 работоспособность подтверждена
05.03 19:10:43:989 SPRO промах по цели ID:76f874b Промах
05.03 19:10:44:089 SPRO работоспособность подтверждена
05.03 19:10:49:316 [KP] RLS1 не отвечает на проверку работоспособности
05.03 19:10:49:419 [KP] RLS2 не отвечает на проверку работоспособности
05.03 19:10:49:519 [KP] RLS3 не отвечает на проверку работоспособности
05.03 19:10:49:673 [KP] ZRDN1 не отвечает на проверку работоспособности
05.03 19:10:54:983 RLS2 работоспособность подтверждена
05.03 19:10:55:075 RLS1 работоспособность подтверждена
05.03 19:10:56:712 RLS3 работоспособность подтверждена
05.03 19:10:59:615 [KP] SPRO не отвечает на проверку работоспособности
05.03 19:10:59:726 [KP] ZRDN1 не отвечает на проверку работоспособности
05.03 19:10:59:839 [KP] ZRDN2 не отвечает на проверку работоспособности
05.03 19:10:59:940 [KP] ZRDN3 не отвечает на проверку работоспособности
05.03 19:11:00:533 ZRDN1 работоспособность подтверждена
05.03 19:11:04:712 ZRDN2 цель уничтожена ID:d3121as цель уничтожена
05.03 19:11:04:801 ZRDN2 работоспособность подтверждена
05.03 19:11:04:885 ZRDN3 цель уничтожена ID:5d4547s цель уничтожена
05.03 19:11:05:500 ZRDN3 работоспособность подтверждена
05.03 19:11:07:124 SPRO работоспособность подтверждена
05.03 19:11:09:289 [KP] RLS1 не отвечает на проверку работоспособности
05.03 19:11:09:398 [KP] RLS2 не отвечает на проверку работоспособности
05.03 19:11:09:509 [KP] RLS3 не отвечает на проверку работоспособности
05.03 19:11:18:531 RLS2 работоспособность подтверждена
05.03 19:11:18:609 RLS1 работоспособность подтверждена
05.03 19:11:19:355 [KP] RLS3 не отвечает на проверку работоспособности
05.03 19:11:19:451 [KP] SPRO не отвечает на проверку работоспособности
05.03 19:11:19:554 [KP] ZRDN1 не отвечает на проверку работоспособности
05.03 19:11:19:658 [KP] ZRDN2 не отвечает на проверку работоспособности
05.03 19:11:19:755 [KP] ZRDN3 не отвечает на проверку работоспособности
05.03 19:11:20:345 RLS3 работоспособность подтверждена
05.03 19:11:23:520 ZRDN1 работоспособность подтверждена
05.03 19:11:27:717 ZRDN2 работоспособность подтверждена
05.03 19:11:28:323 ZRDN3 работоспособность подтверждена
05.03 19:11:29:482 [KP] RLS1 не отвечает на проверку работоспособности
05.03 19:11:29:637 [KP] RLS2 не отвечает на проверку работоспособности
05.03 19:11:29:867 [KP] SPRO не отвечает на проверку работоспособности
05.03 19:11:30:666 SPRO работоспособность подтверждена
05.03 19:11:39:477 [KP] RLS1 не отвечает на проверку работоспособности
05.03 19:11:39:581 [KP] RLS2 не отвечает на проверку работоспособности
05.03 19:11:39:679 [KP] RLS3 не отвечает на проверку работоспособности
05.03 19:11:39:833 [KP] ZRDN1 не отвечает на проверку работоспособности
05.03 19:11:39:923 [KP] ZRDN2 не отвечает на проверку работоспособности
05.03 19:11:40:013 [KP] ZRDN3 не отвечает на проверку работоспособности
05.03 19:11:42:124 RLS2 обнаружена цель ID:438a2ab с координатами 2937886 2038600
05.03 19:11:42:209 RLS1 обнаружена цель ID:438a2ab с координатами 2937886 2038600
05.03 19:11:42:303 RLS2 работоспособность подтверждена
05.03 19:11:42:906 RLS1 обнаружена цель ID:d5a7c6b с координатами 4649305 4282185
05.03 19:11:42:985 RLS1 работоспособность подтверждена
05.03 19:11:44:600 RLS3 работоспособность подтверждена
05.03 19:11:46:727 ZRDN1 работоспособность подтверждена
05.03 19:11:49:596 [KP] SPRO не отвечает на проверку работоспособности
05.03 19:11:49:791 [KP] ZRDN2 не отвечает на проверку работоспособности
05.03 19:11:49:907 [KP] ZRDN3 не отвечает на проверку работоспособности
05.03 19:11:50:514 ZRDN2 работоспособность подтверждена
05.03 19:11:51:125 ZRDN3 работоспособность подтверждена
05.03 19:11:53:266 SPRO работоспособность подтверждена
05.03 19:11:59:519 [KP] RLS1 не отвечает на проверку работоспособности
05.03 19:11:59:612 [KP] RLS2 не отвечает на проверку работоспособности
05.03 19:11:59:714 [KP] RLS3 не отвечает на проверку работоспособности
05.03 19:11:59:875 [KP] ZRDN1 не отвечает на проверку работоспособности
05.03 19:12:04:696 RLS2 работоспособность подтверждена
05.03 19:12:05:827 RLS1 работоспособность подтверждена
05.03 19:12:07:471 RLS3 работоспособность подтверждена
05.03 19:12:09:391 [KP] SPRO не отвечает на проверку работоспособности
05.03 19:12:09:539 [KP] ZRDN1 не отвечает на проверку работоспособности
05.03 19:12:09:678 [KP] ZRDN2 не отвечает на проверку работоспособности
05.03 19:12:09:805 [KP] ZRDN3 не отвечает на проверку работоспособности
05.03 19:12:10:406 ZRDN1 работоспособность подтверждена
05.03 19:12:14:627 ZRDN2 работоспособность подтверждена
05.03 19:12:15:243 ZRDN3 работоспособность подтверждена
05.03 19:12:17:395 SPRO работоспособность подтверждена
05.03 19:12:19:571 [KP] RLS1 не отвечает на проверку работоспособности
05.03 19:12:19:667 [KP] RLS2 не отвечает на проверку работоспособности
05.03 19:12:19:760 [KP] RLS3 не отвечает на проверку работоспособности
05.03 19:12:29:295 RLS2 работоспособность подтверждена
05.03 19:12:29:414 [KP] RLS1 не отвечает на проверку работоспособности
05.03 19:12:29:578 [KP] RLS3 не отвечает на проверку работоспособности
05.03 19:12:29:687 [KP] SPRO не отвечает на проверку работоспособности
05.03 19:12:29:796 [KP] ZRDN1 не отвечает на проверку работоспособности
05.03 19:12:29:899 [KP] ZRDN2 не отвечает на проверку работоспособности
05.03 19:12:29:989 [KP] ZRDN3 не отвечает на проверку работоспособности
05.03 19:12:30:571 RLS1 обнаружена цель ID:67dc0cb с координатами 5249467 3776155
05.03 19:12:30:651 RLS1 работоспособность подтверждена
05.03 19:12:32:273 RLS3 работоспособность подтверждена
05.03 19:12:33:876 ZRDN1 работоспособность подтверждена
05.03 19:12:37:023 ZRDN2 работоспособность подтверждена
05.03 19:12:37:608 ZRDN3 работоспособность подтверждена
05.03 19:12:39:222 SPRO работоспособность подтверждена
05.03 19:12:39:385 [KP] RLS2 не отвечает на проверку работоспособности
05.03 19:12:49:518 [KP] RLS1 не отвечает на проверку работоспособности
05.03 19:12:49:607 [KP] RLS2 не отвечает на проверку работоспособности
05.03 19:12:49:696 [KP] RLS3 не отвечает на проверку работоспособности
05.03 19:12:49:790 [KP] SPRO не отвечает на проверку работоспособности
05.03 19:12:49:885 [KP] ZRDN1 не отвечает на проверку работоспособности
05.03 19:12:49:984 [KP] ZRDN2 не отвечает на проверку работоспособности
05.03 19:12:50:093 [KP] ZRDN3 не отвечает на проверку работоспособности
05.03 19:12:51:185 RLS2 работоспособность подтверждена
05.03 19:12:52:303 RLS1 обнаружена цель ID:01b5f3r с координатами 4289622 3796896
05.03 19:12:52:403 RLS1 работоспособность подтверждена
05.03 19:12:54:036 RLS3 работоспособность подтверждена
05.03 19:12:55:667 ZRDN1 работоспособность подтверждена
05.03 19:12:59:594 [KP] SPRO не отвечает на проверку работоспособности
05.03 19:12:59:791 [KP] ZRDN2 не отвечает на проверку работоспособности
05.03 19:12:59:901 [KP] ZRDN3 не отвечает на проверку работоспособности
05.03 19:13:00:499 ZRDN2 работоспособность подтверждена
05.03 19:13:00:598 ZRDN3 работоспособность подтверждена
05.03 19:13:02:739 SPRO работоспособность подтверждена
05.03 19:13:09:486 [KP] RLS1 не отвечает на проверку работоспособности
05.03 19:13:09:586 [KP] RLS2 не отвечает на проверку работоспособности
05.03 19:13:09:683 [KP] RLS3 не отвечает на проверку работоспособности
05.03 19:13:09:844 [KP] ZRDN1 не отвечает на проверку работоспособности
05.03 19:13:15:155 RLS2 работоспособность подтверждена
05.03 19:13:15:752 RLS1 обнаружена цель ID:d9b5adr с координатами 4157040 5732295
05.03 19:13:16:359 RLS1 обнаружена цель ID:9f53c8r с координатами 4167370 2469216
05.03 19:13:16:955 RLS1 обнаружена цель ID:01b5f3r с координатами 4293665 3789720
05.03 19:13:17:038 RLS1 работоспособность подтверждена
05.03 19:13:17:631 RLS3 работоспособность подтверждена
05.03 19:13:19:255 ZRDN1 работоспособность подтверждена
05.03 19:13:19:587 [KP] SPRO не отвечает на проверку работоспособности
05.03 19:13:19:787 [KP] ZRDN2 не отвечает на проверку работоспособности
05.03 19:13:19:896 [KP] ZRDN3 не отвечает на проверку работоспособности
05.03 19:13:23:047 ZRDN2 работоспособность подтверждена
05.03 19:13:23:653 ZRDN3 работоспособность подтверждена
05.03 19:13:25:786 SPRO работоспособность подтверждена
05.03 19:13:29:476 [KP] RLS1 не отвечает на проверку работоспособности
05.03 19:13:29:566 [KP] RLS2 не отвечает на проверку работоспособности
05.03 19:13:29:668 [KP] RLS3 не отвечает на проверку работоспособности
05.03 19:13:29:823 [KP] ZRDN1 не отвечает на проверку работоспособности
05.03 19:13:37:179 RLS2 обнаружена цель ID:76b46eb с координатами 2043094 1441716
05.03 19:13:37:261 RLS2 работоспособность подтверждена
05.03 19:13:38:367 RLS1 обнаружена цель ID:d9b5adr с координатами 4157560 5723130
05.03 19:13:38:963 RLS1 цель движется в направлении СПРО ID:d9b5adr
05.03 19:13:39:551 RLS1 работоспособность подтверждена
05.03 19:13:39:759 [KP] RLS3 не отвечает на проверку работоспособности
05.03 19:13:39:847 [KP] SPRO не отвечает на проверку работоспособности
05.03 19:13:39:938 [KP] ZRDN1 не отвечает на проверку работоспособности
05.03 19:13:40:029 [KP] ZRDN2 не отвечает на проверку работоспособности
05.03 19:13:40:122 [KP] ZRDN3 не отвечает на проверку работоспособности
05.03 19:13:40:717 RLS3 работоспособность подтверждена
05.03 19:13:41:309 ZRDN1 работоспособность подтверждена
05.03 19:13:45:459 ZRDN2 работоспособность подтверждена
05.03 19:13:46:046 ZRDN3 работоспособность подтверждена
05.03 19:13:47:145 SPRO обнаружена цель ID:438a2ab с координатами 3073896 2689600
05.03 19:13:47:222 SPRO работоспособность подтверждена
05.03 19:13:49:377 [KP] RLS1 не отвечает на проверку работоспособности
05.03 19:13:49:487 [KP] RLS2 не отвечает на проверку работоспособности
05.03 19:13:59:080 [KP] RLS1 не отвечает на проверку работоспособности
05.03 19:13:59:197 [KP] RLS2 не отвечает на проверку работоспособности
05.03 19:13:59:307 [KP] RLS3 не отвечает на проверку работоспособности
05.03 19:13:59:409 [KP] SPRO не отвечает на проверку работоспособности
05.03 19:13:59:515 [KP] ZRDN1 не отвечает на проверку работоспособности
05.03 19:13:59:608 [KP] ZRDN2 не отвечает на проверку работоспособности
05.03 19:13:59:726 [KP] ZRDN3 не отвечает на проверку работоспособности
05.03 19:14:00:328 RLS2 работоспособность подтверждена
05.03 19:14:02:996 RLS1 обнаружена цель ID:65b19bb с координатами 6165416 3436712
05.03 19:14:03:077 RLS1 обнаружена цель ID:8390efb с координатами 6598720 6253808
05.03 19:14:03:159 RLS1 работоспособность подтверждена
05.03 19:14:03:767 RLS3 работоспособность подтверждена
05.03 19:14:04:370 ZRDN1 работоспособность подтверждена
05.03 19:14:08:046 ZRDN2 работоспособность подтверждена
05.03 19:14:08:635 ZRDN3 работоспособность подтверждена
05.03 19:14:09:490 [KP] SPRO не отвечает на проверку работоспособности
05.03 19:14:10:329 SPRO выстрел по цели ID:438a2ab выстрел, осталось 7
05.03 19:14:10:406 SPRO работоспособность подтверждена
05.03 19:14:19:211 [KP] RLS1 не отвечает на проверку работоспособности
05.03 19:14:19:319 [KP] RLS2 не отвечает на проверку работоспособности
05.03 19:14:19:411 [KP] RLS3 не отвечает на проверку работоспособности
05.03 19:14:19:579 [KP] ZRDN1 не отвечает на проверку работоспособности
05.03 19:14:19:682 [KP] ZRDN2 не отвечает на проверку работоспособности
05.03 19:14:19:784 [KP] ZRDN3 не отвечает на проверку работоспособности
05.03 19:14:23:438 RLS2 обнаружена цель ID:fc74d2b с координатами 3037710 2186480
05.03 19:14:24:039 RLS2 работоспособность подтверждена
05.03 19:14:26:184 RLS1 обнаружена цель ID:fc74d2b с координатами 3043681 2193628
05.03 19:14:26:795 RLS1 работоспособность подтверждена
05.03 19:14:26:890 RLS3 работоспособность подтверждена
05.03 19:14:27:483 ZRDN1 работоспособность подтверждена
05.03 19:14:29:311 [KP] SPRO не отвечает на проверку работоспособности
05.03 19:14:29:467 [KP] ZRDN2 не отвечает на проверку работоспособности
05.03 19:14:29:559 [KP] ZRDN3 не отвечает на проверку работоспособности
05.03 19:14:30:657 ZRDN2 работоспособность подтверждена
05.03 19:14:31:255 ZRDN3 обнаружена цель ID:bb6a7er с координатами 11159506 4891861
05.03 19:14:31:336 ZRDN3 работоспособность подтверждена
05.03 19:14:32:948 SPRO работоспособность подтверждена
05.03 19:14:39:209 [KP] RLS1 не отвечает на проверку работоспособности
05.03 19:14:39:330 [KP] RLS2 не отвечает на проверку работоспособности
05.03 19:14:39:442 [KP] RLS3 не отвечает на проверку работоспособности
05.03 19:14:39:648 [KP] ZRDN1 не отвечает на проверку работоспособности
05.03 19:14:47:036 RLS2 работоспособность подтверждена
05.03 19:14:48:661 RLS1 обнаружена цель ID:009cd4s с координатами 6015045 2390287
05.03 19:14:49:256 RLS1 обнаружена цель ID:7d613bs с координатами 5071372 1923260
05.03 19:14:49:338 RLS1 обнаружена цель ID:1c9db5b с координатами 6504002 6056492
05.03 19:14:49:435 [KP] RLS1 не отвечает на проверку работоспособности
05.03 19:14:49:578 [KP] RLS3 не отвечает на проверку работоспособности
05.03 19:14:49:663 [KP] SPRO не отвечает на проверку работоспособности
05.03 19:14:49:750 [KP] ZRDN1 не отвечает на проверку работоспособности
05.03 19:14:49:840 [KP] ZRDN2 не отвечает на проверку работоспособности
05.03 19:14:49:932 [KP] ZRDN3 не отвечает на проверку работоспособности
05.03 19:14:50:518 RLS1 работоспособность подтверждена
05.03 19:14:50:602 RLS3 работоспособность подтверждена
05.03 19:14:50:694 ZRDN1 работоспособность подтверждена
05.03 19:14:54:364 ZRDN2 работоспособность подтверждена
05.03 19:14:54:457 ZRDN3 выстрел по цели ID:bb6a7er выстрел, осталось 18
05.03 19:14:55:056 ZRDN3 работоспособность подтверждена
05.03 19:14:56:681 SPRO работоспособность подтверждена
05.03 19:14:59:441 [KP] RLS2 не отвечает на проверку работоспособности
05.03 19:15:09:535 RLS2 работоспособность подтверждена
05.03 19:15:09:643 [KP] RLS1 не отвечает на проверку работоспособности
05.03 19:15:09:802 [KP] RLS3 не отвечает на проверку работоспособности
05.03 19:15:09:903 [KP] SPRO не отвечает на проверку работоспособности
05.03 19:15:09:999 [KP] ZRDN1 не отвечает на проверку работоспособности
05.03 19:15:10:095 [KP] ZRDN2 не отвечает на проверку работоспособности
05.03 19:15:10:197 [KP] ZRDN3 не отвечает на проверку работоспособности
05.03 19:15:11:805 RLS1 обнаружена цель ID:4669a6b с координатами 5977304 5270704
05.03 19:15:12:397 RLS1 работоспособность подтверждена
05.03 19:15:12:990 RLS3 работоспособность подтверждена
05.03 19:15:13:075 ZRDN1 работоспособность подтверждена
05.03 19:15:16:221 ZRDN2 работоспособность подтверждена
05.03 19:15:16:825 ZRDN3 работоспособность подтверждена
05.03 19:15:18:446 SPRO цель уничтожена ID:438a2ab цель уничтожена СПРО
05.03 19:15:18:536 SPRO работоспособность подтверждена
05.03 19:15:19:254 [KP] RLS2 не отвечает на проверку работоспособности
05.03 19:15:29:392 [KP] RLS1 не отвечает на проверку работоспособности
05.03 19:15:29:491 [KP] RLS2 не отвечает на проверку работоспособности
05.03 19:15:29:592 [KP] RLS3 не отвечает на проверку работоспособности
05.03 19:15:29:703 [KP] SPRO не отвечает на проверку работоспособности
05.03 19:15:29:802 [KP] ZRDN1 не отвечает на проверку работоспособности
05.03 19:15:29:893 [KP] ZRDN2 не отвечает на проверку работоспособности
05.03 19:15:29:989 [KP] ZRDN3 не отвечает на проверку работоспособности
05.03 19:15:33:137 RLS2 работоспособность подтверждена
05.03 19:15:34:775 RLS1 обнаружена цель ID:246329r с координатами 5876014 5147526
05.03 19:15:35:891 RLS1 обнаружена цель ID:7a7f2ab с координатами 4185296 3735144
05.03 19:15:35:968 RLS1 работоспособность подтверждена
05.03 19:15:36:564 ZRDN1 работоспособность подтверждена
05.03 19:15:36:669 RLS3 работоспособность подтверждена
05.03 19:15:39:307 ZRDN2 работоспособность подтверждена
05.03 19:15:39:563 [KP] SPRO не отвечает на проверку работоспособности
05.03 19:15:39:795 [KP] ZRDN3 не отвечает на проверку работоспособности
05.03 19:15:40:372 ZRDN3 работоспособность подтверждена
05.03 19:15:41:486 SPRO обнаружена цель ID:7a7f2ab с координатами 4200944 3766216
05.03 19:15:42:084 SPRO работоспособность подтверждена
05.03 19:15:49:372 [KP] RLS1 не отвечает на проверку работоспособности
05.03 19:15:49:479 [KP] RLS2 не отвечает на проверку работоспособности
05.03 19:15:49:589 [KP] RLS3 не отвечает на проверку работоспособности
05.03 19:15:49:766 [KP] ZRDN1 не отвечает на проверку работоспособности
05.03 19:15:49:905 [KP] ZRDN2 не отвечает на проверку работоспособности
05.03 19:15:57:232 RLS2 обнаружена цель ID:333f14b с координатами 3486706 2303856
05.03 19:15:57:834 RLS2 работоспособность подтверждена
05.03 19:15:59:485 [KP] RLS1 не отвечает на проверку работоспособности
05.03 19:15:59:666 [KP] RLS3 не отвечает на проверку работоспособности
05.03 19:15:59:783 [KP] SPRO не отвечает на проверку работоспособности
05.03 19:15:59:889 [KP] ZRDN1 не отвечает на проверку работоспособности
05.03 19:16:00:040 [KP] ZRDN2 не отвечает на проверку работоспособности
05.03 19:16:00:175 [KP] ZRDN3 не отвечает на проверку работоспособности
05.03 19:16:00:771 RLS1 обнаружена цель ID:6b3f98b с координатами 2754178 3927234
05.03 19:16:00:859 RLS1 обнаружена цель ID:333f14b с координатами 3495412 2304712
05.03 19:16:00:937 ZRDN1 работоспособность подтверждена
05.03 19:16:01:019 RLS1 работоспособность подтверждена
05.03 19:16:01:635 RLS3 работоспособность подтверждена
05.03 19:16:04:291 ZRDN2 работоспособность подтверждена
05.03 19:16:04:905 ZRDN3 работоспособность подтверждена
05.03 19:16:07:574 SPRO обнаружена цель ID:6b3f98b с координатами 2772904 3948312
05.03 19:16:08:182 SPRO выстрел по цели ID:7a7f2ab выстрел, осталось 6
05.03 19:16:08:278 SPRO работоспособность подтверждена
05.03 19:16:09:504 [KP] RLS2 не отвечает на проверку работоспособности
05.03 19:16:19:160 [KP] RLS1 не отвечает на проверку работоспособности
05.03 19:16:19:256 [KP] RLS2 не отвечает на проверку работоспособности
05.03 19:16:19:353 [KP] RLS3 не отвечает на проверку работоспособности
05.03 19:16:19:449 [KP] SPRO не отвечает на проверку работоспособности
05.03 19:16:19:545 [KP] ZRDN1 не отвечает на проверку работоспособности
05.03 19:16:19:640 [KP] ZRDN2 не отвечает на проверку работоспособности
05.03 19:16:19:736 [KP] ZRDN3 не отвечает на проверку работоспособности
05.03 19:16:21:346 RLS2 работоспособность подтверждена
05.03 19:16:24:505 RLS1 обнаружена цель ID:701315b с координатами 6654205 6644448
05.03 19:16:25:121 RLS1 обнаружена цель ID:6b355db с координатами 3764499 4725580
05.03 19:16:25:230 ZRDN1 работоспособность подтверждена
05.03 19:16:25:846 RLS3 работоспособность подтверждена
05.03 19:16:25:946 RLS1 работоспособность подтверждена
05.03 19:16:27:574 ZRDN2 работоспособность подтверждена
05.03 19:16:28:170 ZRDN3 цель уничтожена ID:bb6a7er цель уничтожена
05.03 19:16:28:257 ZRDN3 работоспособность подтверждена
05.03 19:16:29:589 [KP] SPRO не отвечает на проверку работоспособности
05.03 19:16:30:373 SPRO выстрел по цели ID:6b3f98b выстрел, осталось 5
05.03 19:16:30:457 SPRO обнаружена цель ID:6b355db с координатами 3783831 4757020
05.03 19:16:31:066 SPRO обнаружена цель ID:fc74d2b с координатами 3461651 2693988
05.03 19:16:31:168 SPRO работоспособность подтверждена
05.03 19:16:39:467 [KP] RLS1 не отвечает на проверку работоспособности
05.03 19:16:39:567 [KP] RLS2 не отвечает на проверку работоспособности
05.03 19:16:39:671 [KP] RLS3 не отвечает на проверку работоспособности
05.03 19:16:39:841 [KP] ZRDN1 не отвечает на проверку работоспособности
05.03 19:16:39:951 [KP] ZRDN2 не отвечает на проверку работоспособности
05.03 19:16:40:058 [KP] ZRDN3 не отвечает на проверку работоспособности
05.03 19:16:44:729 RLS2 работоспособность подтверждена
05.03 19:16:47:376 ZRDN1 работоспособность подтверждена
05.03 19:16:47:973 RLS1 обнаружена цель ID:009cd4s с координатами 6021315 2398009
05.03 19:16:48:052 RLS1 обнаружена цель ID:15ba67s с координатами 5173507 5594908
05.03 19:16:48:644 RLS3 работоспособность подтверждена
05.03 19:16:48:728 RLS1 работоспособность подтверждена
05.03 19:16:49:533 [KP] SPRO не отвечает на проверку работоспособности
05.03 19:16:49:687 [KP] ZRDN2 не отвечает на проверку работоспособности
05.03 19:16:49:775 [KP] ZRDN3 не отвечает на проверку работоспособности
05.03 19:16:50:366 ZRDN2 работоспособность подтверждена
05.03 19:16:50:470 ZRDN3 работоспособность подтверждена
05.03 19:16:53:628 SPRO выстрел по цели ID:fc74d2b выстрел, осталось 4
05.03 19:16:53:709 SPRO промах по цели ID:7a7f2ab Промах
05.03 19:16:53:803 SPRO работоспособность подтверждена
05.03 19:16:59:539 [KP] RLS1 не отвечает на проверку работоспособности
05.03 19:16:59:650 [KP] RLS2 не отвечает на проверку работоспособности
05.03 19:16:59:755 [KP] RLS3 не отвечает на проверку работоспособности
05.03 19:16:59:988 [KP] ZRDN1 не отвечает на проверку работоспособности
05.03 19:17:06:879 RLS2 работоспособность подтверждена
05.03 19:17:09:517 ZRDN1 работоспособность подтверждена
05.03 19:17:09:624 [KP] RLS1 не отвечает на проверку работоспособности
05.03 19:17:09:776 [KP] RLS3 не отвечает на проверку работоспособности
05.03 19:17:09:859 [KP] SPRO не отвечает на проверку работоспособности
05.03 19:17:10:012 [KP] ZRDN2 не отвечает на проверку работоспособности
05.03 19:17:10:132 [KP] ZRDN3 не отвечает на проверку работоспособности
05.03 19:17:10:730 RLS3 работоспособность подтверждена
05.03 19:17:10:818 RLS1 обнаружена цель ID:7d613bs с координатами 5078719 1928395
05.03 19:17:10:901 RLS1 обнаружена цель ID:9e0444s с координатами 3147142 1307212
05.03 19:17:10:983 RLS1 работоспособность подтверждена
05.03 19:17:12:106 ZRDN2 работоспособность подтверждена
05.03 19:17:12:728 ZRDN3 работоспособность подтверждена
05.03 19:17:16:444 SPRO работоспособность подтверждена
05.03 19:17:19:241 [KP] RLS2 не отвечает на проверку работоспособности
05.03 19:17:19:517 [KP] ZRDN1 не отвечает на проверку работоспособности
05.03 19:17:29:500 [KP] RLS1 не отвечает на проверку работоспособности
05.03 19:17:29:595 [KP] RLS2 не отвечает на проверку работоспособности
05.03 19:17:29:705 [KP] RLS3 не отвечает на проверку работоспособности
05.03 19:17:29:811 [KP] SPRO не отвечает на проверку работоспособности
05.03 19:17:29:917 [KP] ZRDN1 не отвечает на проверку работоспособности
05.03 19:17:30:020 [KP] ZRDN2 не отвечает на проверку работоспособности
05.03 19:17:30:126 [KP] ZRDN3 не отвечает на проверку работоспособности
05.03 19:17:31:239 RLS2 обнаружена цель ID:9e0444s с координатами 3147923 1308378
05.03 19:17:31:857 RLS2 работоспособность подтверждена
05.03 19:17:34:512 ZRDN1 обнаружена цель ID:746e51r с координатами 6517580 3675640
05.03 19:17:34:611 ZRDN1 работоспособность подтверждена
05.03 19:17:35:733 RLS3 работоспособность подтверждена
05.03 19:17:36:348 RLS1 обнаружена цель ID:e51b7eb с координатами 6395311 6972510
05.03 19:17:36:970 RLS1 обнаружена цель ID:37c27er с координатами 4084014 2691179
05.03 19:17:37:071 RLS1 работоспособность подтверждена
05.03 19:17:37:677 ZRDN2 работоспособность подтверждена
05.03 19:17:38:811 ZRDN3 работоспособность подтверждена
05.03 19:17:39:628 [KP] SPRO не отвечает на проверку работоспособности
05.03 19:17:41:419 SPRO цель уничтожена ID:6b3f98b цель уничтожена СПРО
05.03 19:17:41:513 SPRO работоспособность подтверждена
05.03 19:17:49:309 [KP] RLS1 не отвечает на проверку работоспособности
05.03 19:17:49:422 [KP] RLS2 не отвечает на проверку работоспособности
05.03 19:17:49:533 [KP] RLS3 не отвечает на проверку работоспособности
05.03 19:17:49:719 [KP] ZRDN1 не отвечает на проверку работоспособности
05.03 19:17:49:832 [KP] ZRDN2 не отвечает на проверку работоспособности
05.03 19:17:49:951 [KP] ZRDN3 не отвечает на проверку работоспособности
05.03 19:17:56:167 RLS2 работоспособность подтверждена
05.03 19:17:58:329 ZRDN1 выстрел по цели ID:746e51r выстрел, осталось 19
05.03 19:17:58:955 ZRDN1 работоспособность подтверждена
05.03 19:17:59:133 [KP] RLS1 не отвечает на проверку работоспособности
05.03 19:17:59:295 [KP] RLS3 не отвечает на проверку работоспособности
05.03 19:17:59:388 [KP] SPRO не отвечает на проверку работоспособности
05.03 19:17:59:547 [KP] ZRDN2 не отвечает на проверку работоспособности
05.03 19:17:59:648 [KP] ZRDN3 не отвечает на проверку работоспособности
05.03 19:18:00:242 RLS3 работоспособность подтверждена
05.03 19:18:00:845 ZRDN2 работоспособность подтверждена
05.03 19:18:00:938 RLS1 обнаружена цель ID:1e9759b с координатами 5197285 4484941
05.03 19:18:01:045 RLS1 работоспособность подтверждена
05.03 19:18:01:651 ZRDN3 работоспособность подтверждена
05.03 19:18:04:304 SPRO цель уничтожена ID:fc74d2b цель уничтожена СПРО
05.03 19:18:04:922 SPRO работоспособность подтверждена
05.03 19:18:09:194 [KP] RLS2 не отвечает на проверку работоспособности
05.03 19:18:09:491 [KP] ZRDN1 не отвечает на проверку работоспособности
05.03 19:18:18:915 RLS2 обнаружена цель ID:67dc0cb с координатами 3793885 2632525
05.03 19:18:18:999 RLS2 работоспособность подтверждена
05.03 19:18:19:111 [KP] RLS1 не отвечает на проверку работоспособности
05.03 19:18:19:254 [KP] RLS3 не отвечает на проверку работоспособности
05.03 19:18:19:347 [KP] SPRO не отвечает на проверку работоспособности
05.03 19:18:19:440 [KP] ZRDN1 не отвечает на проверку работоспособности
05.03 19:18:19:533 [KP] ZRDN2 не отвечает на проверку работоспособности
05.03 19:18:19:624 [KP] ZRDN3 не отвечает на проверку работоспособности
05.03 19:18:21:747 ZRDN1 работоспособность подтверждена
05.03 19:18:22:364 RLS3 работоспособность подтверждена
05.03 19:18:23:490 ZRDN2 работоспособность подтверждена
05.03 19:18:23:574 RLS1 обнаружена цель ID:266a6ds с координатами 5406037 5059768
05.03 19:18:24:171 RLS1 обнаружена цель ID:f56ad4s с координатами 3012810 3052990
05.03 19:18:24:255 RLS1 обнаружена цель ID:482270b с координатами 5997084 7223452
05.03 19:18:24:340 RLS1 работоспособность подтверждена
05.03 19:18:24:932 ZRDN3 работоспособность подтверждена
05.03 19:18:27:580 SPRO работоспособность подтверждена
05.03 19:18:29:280 [KP] RLS2 не отвечает на проверку работоспособности
05.03 19:18:39:408 [KP] RLS1 не отвечает на проверку работоспособности
05.03 19:18:39:511 [KP] RLS2 не отвечает на проверку работоспособности
05.03 19:18:39:605 [KP] RLS3 не отвечает на проверку работоспособности
05.03 19:18:39:699 [KP] SPRO не отвечает на проверку работоспособности
05.03 19:18:39:797 [KP] ZRDN1 не отвечает на проверку работоспособности
05.03 19:18:39:897 [KP] ZRDN2 не отвечает на проверку работоспособности
05.03 19:18:39:988 [KP] ZRDN3 не отвечает на проверку работоспособности
05.03 19:18:41:590 RLS2 работоспособность подтверждена
05.03 19:18:43:713 ZRDN1 работоспособность подтверждена
05.03 19:18:45:332 RLS3 работоспособность подтверждена
05.03 19:18:45:927 ZRDN2 работоспособность подтверждена
05.03 19:18:47:044 RLS1 обнаружена цель ID:54c287b с координатами 6405552 5515444
05.03 19:18:47:639 ZRDN3 работоспособность подтверждена
05.03 19:18:47:719 RLS1 работоспособность подтверждена
05.03 19:18:49:574 [KP] SPRO не отвечает на проверку работоспособности
05.03 19:18:50:349 SPRO работоспособность подтверждена
05.03 19:18:59:177 [KP] RLS1 не отвечает на проверку работоспособности
05.03 19:18:59:272 [KP] RLS2 не отвечает на проверку работоспособности
05.03 19:18:59:372 [KP] RLS3 не отвечает на проверку работоспособности
05.03 19:18:59:545 [KP] ZRDN1 не отвечает на проверку работоспособности
05.03 19:18:59:648 [KP] ZRDN2 не отвечает на проверку работоспособности
05.03 19:18:59:758 [KP] ZRDN3 не отвечает на проверку работоспособности
05.03 19:19:05:470 RLS2 работоспособность подтверждена
05.03 19:19:08:125 ZRDN1 работоспособность подтверждена
05.03 19:19:09:271 [KP] RLS1 не отвечает на проверку работоспособности
05.03 19:19:09:461 [KP] RLS3 не отвечает на проверку работоспособности
05.03 19:19:09:571 [KP] SPRO не отвечает на проверку работоспособности
05.03 19:19:09:732 [KP] ZRDN2 не отвечает на проверку работоспособности
05.03 19:19:09:843 [KP] ZRDN3 не отвечает на проверку работоспособности
05.03 19:19:10:436 ZRDN2 обнаружена цель ID:80d873s с координатами 9059888 4602609
05.03 19:19:10:536 RLS3 работоспособность подтверждена
05.03 19:19:10:643 ZRDN2 работоспособность подтверждена
05.03 19:19:11:279 RLS1 обнаружена цель ID:dc6a27r с координатами 4673802 2417476
05.03 19:19:11:388 ZRDN3 работоспособность подтверждена
05.03 19:19:11:497 RLS1 обнаружена цель ID:637c04b с координатами 6278404 5029264
05.03 19:19:12:101 RLS1 обнаружена цель ID:a2372ab с координатами 2345516 4039864
05.03 19:19:12:192 RLS1 обнаружена цель ID:9e0444s с координатами 3151828 1314208
05.03 19:19:12:796 RLS1 цель движется в направлении СПРО ID:9e0444s
05.03 19:19:12:894 RLS1 работоспособность подтверждена
05.03 19:19:14:021 SPRO обнаружена цель ID:a2372ab с координатами 2354274 4037796
05.03 19:19:14:627 SPRO работоспособность подтверждена
05.03 19:19:19:423 [KP] RLS2 не отвечает на проверку работоспособности
05.03 19:19:19:684 [KP] ZRDN1 не отвечает на проверку работоспособности
05.03 19:19:29:099 RLS2 обнаружена цель ID:9e0444s с координатами 3152467 1315162
05.03 19:19:29:235 [KP] RLS1 не отвечает на проверку работоспособности
05.03 19:19:29:352 [KP] RLS2 не отвечает на проверку работоспособности
05.03 19:19:29:458 [KP] RLS3 не отвечает на проверку работоспособности
05.03 19:19:29:564 [KP] SPRO не отвечает на проверку работоспособности
05.03 19:19:29:685 [KP] ZRDN1 не отвечает на проверку работоспособности
05.03 19:19:29:802 [KP] ZRDN2 не отвечает на проверку работоспособности
05.03 19:19:29:916 [KP] ZRDN3 не отвечает на проверку работоспособности
05.03 19:19:30:517 RLS2 цель движется в направлении СПРО ID:9e0444s
05.03 19:19:30:617 RLS2 работоспособность подтверждена
05.03 19:19:31:224 ZRDN1 цель уничтожена ID:746e51r цель уничтожена
05.03 19:19:31:845 ZRDN1 работоспособность подтверждена
05.03 19:19:32:963 ZRDN2 выстрел по цели ID:80d873s выстрел, осталось 18
05.03 19:19:33:561 ZRDN2 работоспособность подтверждена
05.03 19:19:33:685 RLS3 работоспособность подтверждена
05.03 19:19:34:805 ZRDN3 работоспособность подтверждена
05.03 19:19:35:423 RLS1 обнаружена цель ID:f03371s с координатами 6542281 7017370
05.03 19:19:36:036 RLS1 обнаружена цель ID:15ba67s с координатами 5177056 5587264
05.03 19:19:36:124 RLS1 обнаружена цель ID:266a6ds с координатами 5407480 5050720
05.03 19:19:36:217 RLS1 обнаружена цель ID:8dce5fr с координатами 3792704 2789072
05.03 19:19:36:821 RLS1 обнаружена цель ID:0ae2a3b с координатами 6514640 1482242
05.03 19:19:36:922 RLS1 работоспособность подтверждена
05.03 19:19:37:525 SPRO выстрел по цели ID:a2372ab выстрел, осталось 3
05.03 19:19:37:605 SPRO работоспособность подтверждена
05.03 19:19:49:432 [KP] RLS1 не отвечает на проверку работоспособности
05.03 19:19:49:542 [KP] RLS2 не отвечает на проверку работоспособности
05.03 19:19:49:653 [KP] RLS3 не отвечает на проверку работоспособности
05.03 19:19:49:787 [KP] SPRO не отвечает на проверку работоспособности
05.03 19:19:49:915 [KP] ZRDN1 не отвечает на проверку работоспособности
05.03 19:19:50:022 [KP] ZRDN2 не отвечает на проверку работоспособности
05.03 19:19:50:136 [KP] ZRDN3 не отвечает на проверку работоспособности
05.03 19:19:53:294 RLS2 работоспособность подтверждена
05.03 19:19:54:919 ZRDN1 работоспособность подтверждена
05.03 19:19:56:540 ZRDN2 работоспособность подтверждена
05.03 19:19:57:139 RLS3 работоспособность подтверждена
05.03 19:19:57:754 ZRDN3 работоспособность подтверждена
05.03 19:19:59:376 RLS1 обнаружена цель ID:2dfdees с координатами 5769093 1746399
05.03 19:19:59:486 [KP] RLS1 не отвечает на проверку работоспособности
05.03 19:19:59:736 [KP] SPRO не отвечает на проверку работоспособности
05.03 19:20:00:529 RLS1 работоспособность подтверждена
05.03 19:20:01:140 SPRO работоспособность подтверждена
05.03 19:20:09:531 [KP] RLS2 не отвечает на проверку работоспособности
05.03 19:20:09:636 [KP] RLS3 не отвечает на проверку работоспособности
05.03 19:20:09:807 [KP] ZRDN1 не отвечает на проверку работоспособности
05.03 19:20:09:922 [KP] ZRDN2 не отвечает на проверку работоспособности
05.03 19:20:10:036 [KP] ZRDN3 не отвечает на проверку работоспособности
05.03 19:20:16:759 RLS2 работоспособность подтверждена
05.03 19:20:18:896 ZRDN1 работоспособность подтверждена
05.03 19:20:19:514 [KP] RLS1 не отвечает на проверку работоспособности
05.03 19:20:19:667 [KP] RLS3 не отвечает на проверку работоспособности
05.03 19:20:19:768 [KP] SPRO не отвечает на проверку работоспособности
05.03 19:20:19:933 [KP] ZRDN2 не отвечает на проверку работоспособности
05.03 19:20:20:035 [KP] ZRDN3 не отвечает на проверку работоспособности
05.03 19:20:20:626 ZRDN2 работоспособность подтверждена
05.03 19:20:21:228 RLS3 работоспособность подтверждена
05.03 19:20:22:350 ZRDN3 работоспособность подтверждена
05.03 19:20:24:525 RLS1 обнаружена цель ID:5df1ces с координатами 4860222 5100438
05.03 19:20:25:124 RLS1 обнаружена цель ID:ab3937s с координатами 5579884 2965275
05.03 19:20:25:213 SPRO работоспособность подтверждена
05.03 19:20:25:305 RLS1 работоспособность подтверждена
05.03 19:20:29:563 [KP] RLS2 не отвечает на проверку работоспособности
05.03 19:20:29:819 [KP] ZRDN1 не отвечает на проверку работоспособности
05.03 19:20:39:275 [KP] RLS1 не отвечает на проверку работоспособности
05.03 19:20:39:397 [KP] RLS2 не отвечает на проверку работоспособности
05.03 19:20:39:521 [KP] RLS3 не отвечает на проверку работоспособности
05.03 19:20:39:638 [KP] SPRO не отвечает на проверку работоспособности
05.03 19:20:39:743 [KP] ZRDN1 не отвечает на проверку работоспособности
05.03 19:20:39:847 [KP] ZRDN2 не отвечает на проверку работоспособности
05.03 19:20:39:947 [KP] ZRDN3 не отвечает на проверку работоспособности
05.03 19:20:41:047 RLS2 работоспособность подтверждена
05.03 19:20:42:680 ZRDN1 работоспособность подтверждена
05.03 19:20:44:312 ZRDN2 цель уничтожена ID:80d873s цель уничтожена
05.03 19:20:44:420 ZRDN2 работоспособность подтверждена
05.03 19:20:45:023 RLS3 работоспособность подтверждена
05.03 19:20:45:631 ZRDN3 работоспособность подтверждена
05.03 19:20:48:299 RLS1 обнаружена цель ID:587928b с координатами 2260210 4553030
05.03 19:20:48:408 SPRO цель уничтожена ID:a2372ab цель уничтожена СПРО
05.03 19:20:48:513 SPRO работоспособность подтверждена
05.03 19:20:49:142 RLS1 обнаружена цель ID:f03371s с координатами 6549601 7013770
05.03 19:20:49:243 RLS1 работоспособность подтверждена
05.03 19:20:59:503 [KP] RLS1 не отвечает на проверку работоспособности
05.03 19:20:59:610 [KP] RLS2 не отвечает на проверку работоспособности
05.03 19:20:59:722 [KP] RLS3 не отвечает на проверку работоспособности
05.03 19:20:59:822 [KP] SPRO не отвечает на проверку работоспособности
05.03 19:20:59:919 [KP] ZRDN1 не отвечает на проверку работоспособности
05.03 19:21:00:021 [KP] ZRDN2 не отвечает на проверку работоспособности
05.03 19:21:00:124 [KP] ZRDN3 не отвечает на проверку работоспособности
05.03 19:21:04:817 RLS2 работоспособность подтверждена
05.03 19:21:06:466 ZRDN1 обнаружена цель ID:11ed10r с координатами 6416369 3699714
05.03 19:21:06:584 ZRDN1 работоспособность подтверждена
05.03 19:21:08:234 ZRDN2 работоспособность подтверждена
05.03 19:21:09:355 RLS3 работоспособность подтверждена
05.03 19:21:09:467 ZRDN3 работоспособность подтверждена
05.03 19:21:09:578 [KP] RLS1 не отвечает на проверку работоспособности
05.03 19:21:09:822 [KP] SPRO не отвечает на проверку работоспособности
05.03 19:21:12:692 SPRO обнаружена цель ID:587928b с координатами 2365549 4492307
05.03 19:21:13:293 SPRO работоспособность подтверждена
05.03 19:21:13:387 RLS1 обнаружена цель ID:5115a1b с координатами 6167980 3515620
05.03 19:21:13:990 RLS1 обнаружена цель ID:cb8738b с координатами 6339010 2511200
05.03 19:21:14:087 RLS1 обнаружена цель ID:a8f3a8r с координатами 4810308 4076340
05.03 19:21:14:186 RLS1 работоспособность подтверждена
05.03 19:21:19:484 [KP] RLS2 не отвечает на проверку работоспособности
05.03 19:21:19:577 [KP] RLS3 не отвечает на проверку работоспособности
05.03 19:21:19:738 [KP] ZRDN1 не отвечает на проверку работоспособности
05.03 19:21:19:839 [KP] ZRDN2 не отвечает на проверку работоспособности
05.03 19:21:19:940 [KP] ZRDN3 не отвечает на проверку работоспособности
05.03 19:21:27:666 RLS2 работоспособность подтверждена
05.03 19:21:28:772 ZRDN1 выстрел по цели ID:11ed10r выстрел, осталось 18
05.03 19:21:29:370 ZRDN1 работоспособность подтверждена
05.03 19:21:29:495 [KP] RLS1 не отвечает на проверку работоспособности
05.03 19:21:29:675 [KP] RLS3 не отвечает на проверку работоспособности
05.03 19:21:29:778 [KP] SPRO не отвечает на проверку работоспособности
05.03 19:21:29:955 [KP] ZRDN2 не отвечает на проверку работоспособности
05.03 19:21:30:052 [KP] ZRDN3 не отвечает на проверку работоспособности
05.03 19:21:30:639 ZRDN2 обнаружена цель ID:b1e9b6r с координатами 8765505 4887182
05.03 19:21:30:740 ZRDN2 работоспособность подтверждена
05.03 19:21:31:842 ZRDN3 работоспособность подтверждена
05.03 19:21:31:929 RLS3 работоспособность подтверждена
05.03 19:21:35:082 SPRO выстрел по цели ID:587928b выстрел, осталось 2
05.03 19:21:35:680 SPRO боекомплект пополнен пополнено на 5, БК=7
05.03 19:21:35:773 SPRO работоспособность подтверждена
05.03 19:21:36:375 RLS1 обнаружена цель ID:406977s с координатами 4524332 5419244
05.03 19:21:36:472 RLS1 обнаружена цель ID:b3090bs с координатами 2329048 3701552
05.03 19:21:36:581 RLS1 обнаружена цель ID:4d1cdfs с координатами 3273888 3402368
05.03 19:21:37:174 RLS1 обнаружена цель ID:a8f3a8r с координатами 4811386 4084530
05.03 19:21:37:257 RLS1 работоспособность подтверждена
05.03 19:21:39:466 [KP] RLS2 не отвечает на проверку работоспособности
05.03 19:21:39:675 [KP] ZRDN1 не отвечает на проверку работоспособности
05.03 19:21:49:083 RLS2 обнаружена цель ID:b66f62s с координатами 3059556 1789608
05.03 19:21:49:199 [KP] RLS1 не отвечает на проверку работоспособности
05.03 19:21:49:315 [KP] RLS2 не отвечает на проверку работоспособности
05.03 19:21:49:430 [KP] RLS3 не отвечает на проверку работоспособности
05.03 19:21:49:543 [KP] SPRO не отвечает на проверку работоспособности
05.03 19:21:49:642 [KP] ZRDN1 не отвечает на проверку работоспособности
05.03 19:21:49:746 [KP] ZRDN2 не отвечает на проверку работоспособности
05.03 19:21:49:838 [KP] ZRDN3 не отвечает на проверку работоспособности
05.03 19:21:50:425 RLS2 работоспособность подтверждена
05.03 19:21:51:031 ZRDN1 обнаружена цель ID:5151c5r с координатами 6465240 4117184
05.03 19:21:51:629 ZRDN1 работоспособность подтверждена
05.03 19:21:52:222 ZRDN2 выстрел по цели ID:b1e9b6r выстрел, осталось 17
05.03 19:21:52:817 ZRDN2 работоспособность подтверждена
05.03 19:21:53:926 ZRDN3 работоспособность подтверждена
05.03 19:21:54:522 RLS3 работоспособность подтверждена
05.03 19:21:57:165 SPRO работоспособность подтверждена
05.03 19:21:58:778 RLS1 обнаружена цель ID:b66f62s с координатами 3060251 1790368
05.03 19:21:58:872 RLS1 обнаружена цель ID:2dfdees с координатами 5771170 1755310
05.03 19:21:59:479 RLS1 обнаружена цель ID:4a67ffr с координатами 6395565 6215159
05.03 19:21:59:610 [KP] RLS1 не отвечает на проверку работоспособности
05.03 19:22:00:629 RLS1 работоспособность подтверждена
05.03 19:22:09:493 [KP] RLS2 не отвечает на проверку работоспособности
05.03 19:22:09:586 [KP] RLS3 не отвечает на проверку работоспособности
05.03 19:22:09:685 [KP] SPRO не отвечает на проверку работоспособности
05.03 19:22:09:793 [KP] ZRDN1 не отвечает на проверку работоспособности
05.03 19:22:09:895 [KP] ZRDN2 не отвечает на проверку работоспособности
05.03 19:22:09:994 [KP] ZRDN3 не отвечает на проверку работоспособности
05.03 19:22:13:130 RLS2 работоспособность подтверждена
05.03 19:22:13:735 ZRDN1 выстрел по цели ID:5151c5r выстрел, осталось 17
05.03 19:22:14:383 ZRDN1 работоспособность подтверждена
05.03 19:22:15:559 ZRDN2 работоспособность подтверждена
05.03 19:22:16:696 ZRDN3 обнаружена цель ID:ed6192r с координатами 10895756 4856890
05.03 19:22:17:300 ZRDN3 работоспособность подтверждена
05.03 19:22:17:907 RLS3 работоспособность подтверждена
05.03 19:22:19:564 [KP] RLS1 не отвечает на проверку работоспособности
05.03 19:22:19:819 [KP] SPRO не отвечает на проверку работоспособности
05.03 19:22:21:199 SPRO работоспособность подтверждена
05.03 19:22:23:862 RLS1 обнаружена цель ID:9b348es с координатами 5835944 7401572
05.03 19:22:24:461 RLS1 обнаружена цель ID:5df254r с координатами 6273487 7115269
05.03 19:22:25:061 RLS1 работоспособность подтверждена
05.03 19:22:29:350 [KP] RLS2 не отвечает на проверку работоспособности
05.03 19:22:29:454 [KP] RLS3 не отвечает на проверку работоспособности
05.03 19:22:29:618 [KP] ZRDN1 не отвечает на проверку работоспособности
05.03 19:22:29:721 [KP] ZRDN2 не отвечает на проверку работоспособности
05.03 19:22:29:825 [KP] ZRDN3 не отвечает на проверку работоспособности
05.03 19:22:36:541 RLS2 работоспособность подтверждена
05.03 19:22:37:663 ZRDN1 цель уничтожена ID:11ed10r цель уничтожена
05.03 19:22:37:777 ZRDN1 работоспособность подтверждена
05.03 19:22:38:391 ZRDN2 работоспособность подтверждена
05.03 19:22:39:523 ZRDN3 выстрел по цели ID:ed6192r выстрел, осталось 17
05.03 19:22:39:649 [KP] RLS1 не отвечает на проверку работоспособности
05.03 19:22:39:823 [KP] RLS3 не отвечает на проверку работоспособности
05.03 19:22:39:930 [KP] SPRO не отвечает на проверку работоспособности
05.03 19:22:40:171 [KP] ZRDN3 не отвечает на проверку работоспособности
05.03 19:22:40:753 ZRDN3 работоспособность подтверждена
05.03 19:22:41:358 RLS3 работоспособность подтверждена
05.03 19:22:43:504 SPRO работоспособность подтверждена
05.03 19:22:47:180 RLS1 обнаружена цель ID:406977s с координатами 4527569 5411873
05.03 19:22:47:782 RLS1 обнаружена цель ID:01cc56b с координатами 6541064 6195601
05.03 19:22:47:873 RLS1 обнаружена цель ID:076ab7r с координатами 3424180 5293908
05.03 19:22:47:954 RLS1 обнаружена цель ID:8131f9b с координатами 5046112 4331352
05.03 19:22:48:549 RLS1 работоспособность подтверждена
05.03 19:22:49:237 [KP] RLS2 не отвечает на проверку работоспособности
05.03 19:22:49:459 [KP] ZRDN1 не отвечает на проверку работоспособности
05.03 19:22:49:558 [KP] ZRDN2 не отвечает на проверку работоспособности
05.03 19:22:58:888 RLS2 работоспособность подтверждена
05.03 19:22:59:515 [KP] RLS1 не отвечает на проверку работоспособности
05.03 19:22:59:692 [KP] RLS3 не отвечает на проверку работоспособности
05.03 19:22:59:784 [KP] SPRO не отвечает на проверку работоспособности
05.03 19:22:59:873 [KP] ZRDN1 не отвечает на проверку работоспособности
05.03 19:22:59:956 [KP] ZRDN2 не отвечает на проверку работоспособности
05.03 19:23:00:043 [KP] ZRDN3 не отвечает на проверку работоспособности
05.03 19:23:00:623 ZRDN1 работоспособность подтверждена
05.03 19:23:00:723 ZRDN2 работоспособность подтверждена
05.03 19:23:02:876 ZRDN3 работоспособность подтверждена
05.03 19:23:03:983 RLS3 работоспособность подтверждена
05.03 19:23:06:639 SPRO цель уничтожена ID:587928b цель уничтожена СПРО
05.03 19:23:06:740 SPRO работоспособность подтверждена
05.03 19:23:09:412 [KP] RLS1 не отвечает на проверку работоспособности
05.03 19:23:09:513 [KP] RLS2 не отвечает на проверку работоспособности
05.03 19:23:10:463 RLS1 обнаружена цель ID:b66f62s с координатами 3065672 1796296
05.03 19:23:10:572 RLS1 цель движется в направлении СПРО ID:b66f62s
05.03 19:23:10:674 RLS1 обнаружена цель ID:17e1a4r с координатами 5370864 3701690
05.03 19:23:11:278 RLS1 обнаружена цель ID:aaa3fes с координатами 5361108 3574720
05.03 19:23:11:367 RLS1 работоспособность подтверждена
05.03 19:23:19:249 [KP] RLS2 не отвечает на проверку работоспособности
05.03 19:23:19:362 [KP] RLS3 не отвечает на проверку работоспособности
05.03 19:23:19:462 [KP] SPRO не отвечает на проверку работоспособности
05.03 19:23:19:582 [KP] ZRDN1 не отвечает на проверку работоспособности
05.03 19:23:19:688 [KP] ZRDN2 не отвечает на проверку работоспособности
05.03 19:23:19:792 [KP] ZRDN3 не отвечает на проверку работоспособности
05.03 19:23:22:944 RLS2 работоспособность подтверждена
05.03 19:23:23:555 ZRDN1 цель уничтожена ID:5151c5r цель уничтожена
05.03 19:23:23:648 ZRDN1 работоспособность подтверждена
05.03 19:23:24:249 ZRDN2 обнаружена цель ID:d3567cs с координатами 9138240 4679248
05.03 19:23:24:348 ZRDN2 цель уничтожена ID:b1e9b6r цель уничтожена
05.03 19:23:24:457 ZRDN2 работоспособность подтверждена
05.03 19:23:25:574 ZRDN3 цель уничтожена ID:ed6192r цель уничтожена
05.03 19:23:26:196 ZRDN3 работоспособность подтверждена
05.03 19:23:27:338 RLS3 работоспособность подтверждена
05.03 19:23:29:538 [KP] RLS1 не отвечает на проверку работоспособности
05.03 19:23:29:861 [KP] SPRO не отвечает на проверку работоспособности
05.03 19:23:30:690 SPRO работоспособность подтверждена
05.03 19:23:35:388 RLS1 обнаружена цель ID:4d1cdfs с координатами 3278698 3409778
05.03 19:23:35:499 RLS1 цель движется в направлении СПРО ID:4d1cdfs
05.03 19:23:36:106 RLS1 обнаружена цель ID:d34fefb с координатами 5635780 4960170
05.03 19:23:36:213 RLS1 обнаружена цель ID:dd2fffr с координатами 6396254 1988706
05.03 19:23:36:816 RLS1 работоспособность подтверждена
05.03 19:23:39:575 [KP] RLS2 не отвечает на проверку работоспособности
05.03 19:23:39:685 [KP] RLS3 не отвечает на проверку работоспособности
05.03 19:23:39:849 [KP] ZRDN1 не отвечает на проверку работоспособности
05.03 19:23:39:945 [KP] ZRDN2 не отвечает на проверку работоспособности
05.03 19:23:40:046 [KP] ZRDN3 не отвечает на проверку работоспособности
05.03 19:23:45:743 RLS2 обнаружена цель ID:0491ads с координатами 3589990 2770640
05.03 19:23:46:344 RLS2 работоспособность подтверждена
05.03 19:23:46:938 ZRDN1 работоспособность подтверждена
05.03 19:23:47:529 ZRDN2 выстрел по цели ID:d3567cs выстрел, осталось 16
05.03 19:23:48:131 ZRDN2 работоспособность подтверждена
05.03 19:23:49:238 ZRDN3 работоспособность подтверждена
05.03 19:23:49:337 [KP] RLS1 не отвечает на проверку работоспособности
05.03 19:23:49:487 [KP] RLS3 не отвечает на проверку работоспособности
05.03 19:23:49:584 [KP] SPRO не отвечает на проверку работоспособности
05.03 19:23:50:891 RLS3 работоспособность подтверждена
05.03 19:23:53:546 SPRO работоспособность подтверждена
05.03 19:23:59:313 [KP] RLS1 не отвечает на проверку работоспособности
05.03 19:23:59:431 [KP] RLS2 не отвечает на проверку работоспособности
05.03 19:23:59:716 [KP] ZRDN1 не отвечает на проверку работоспособности
05.03 19:23:59:863 [KP] ZRDN2 не отвечает на проверку работоспособности
05.03 19:23:59:964 [KP] ZRDN3 не отвечает на проверку работоспособности
05.03 19:24:00:556 RLS1 обнаружена цель ID:b3090bs с координатами 2329996 3692704
05.03 19:24:00:666 RLS1 обнаружена цель ID:0491ads с координатами 3591376 2771536
05.03 19:24:01:283 RLS1 работоспособность подтверждена
05.03 19:24:09:162 [KP] RLS2 не отвечает на проверку работоспособности
05.03 19:24:09:273 [KP] RLS3 не отвечает на проверку работоспособности
05.03 19:24:09:372 [KP] SPRO не отвечает на проверку работоспособности
05.03 19:24:09:478 [KP] ZRDN1 не отвечает на проверку работоспособности
05.03 19:24:09:587 [KP] ZRDN2 не отвечает на проверку работоспособности
05.03 19:24:09:693 [KP] ZRDN3 не отвечает на проверку работоспособности
05.03 19:24:10:797 RLS2 работоспособность подтверждена
05.03 19:24:11:428 ZRDN1 работоспособность подтверждена
05.03 19:24:12:021 ZRDN2 работоспособность подтверждена
05.03 19:24:13:653 ZRDN3 работоспособность подтверждена
05.03 19:24:15:788 RLS3 работоспособность подтверждена
05.03 19:24:18:444 SPRO работоспособность подтверждена
05.03 19:24:19:597 [KP] RLS1 не отвечает на проверку работоспособности
05.03 19:24:24:754 RLS1 обнаружена цель ID:909795b с координатами 6043220 4484450
05.03 19:24:25:394 RLS1 работоспособность подтверждена
05.03 19:24:29:212 [KP] RLS2 не отвечает на проверку работоспособности
05.03 19:24:29:333 [KP] RLS3 не отвечает на проверку работоспособности
05.03 19:24:29:450 [KP] SPRO не отвечает на проверку работоспособности
05.03 19:24:29:562 [KP] ZRDN1 не отвечает на проверку работоспособности
05.03 19:24:29:693 [KP] ZRDN2 не отвечает на проверку работоспособности
05.03 19:24:29:815 [KP] ZRDN3 не отвечает на проверку работоспособности
05.03 19:24:37:079 RLS2 работоспособность подтверждена
05.03 19:24:37:182 ZRDN1 работоспособность подтверждена
05.03 19:24:37:793 ZRDN2 работоспособность подтверждена
05.03 19:24:38:938 ZRDN3 работоспособность подтверждена
05.03 19:24:39:604 [KP] RLS1 не отвечает на проверку работоспособности
05.03 19:24:39:812 [KP] RLS3 не отвечает на проверку работоспособности
05.03 19:24:39:931 [KP] SPRO не отвечает на проверку работоспособности
05.03 19:24:40:811 RLS3 работоспособность подтверждена
05.03 19:24:43:994 SPRO работоспособность подтверждена
05.03 19:24:49:249 [KP] RLS1 не отвечает на проверку работоспособности
05.03 19:24:49:365 [KP] RLS2 не отвечает на проверку работоспособности
05.03 19:24:49:615 [KP] ZRDN1 не отвечает на проверку работоспособности
05.03 19:24:49:720 [KP] ZRDN2 не отвечает на проверку работоспособности
05.03 19:24:49:824 [KP] ZRDN3 не отвечает на проверку работоспособности
05.03 19:24:50:418 RLS1 обнаружена цель ID:eb3a70b с координатами 5602080 5494524
05.03 19:24:51:040 RLS1 обнаружена цель ID:6feb97r с координатами 3402056 3010157
05.03 19:24:51:687 RLS1 обнаружена цель ID:22cbabs с координатами 6146300 2169860
05.03 19:24:51:786 RLS1 обнаружена цель ID:bbd6c2s с координатами 3660279 6035607
05.03 19:24:51:881 RLS1 работоспособность подтверждена
05.03 19:24:59:239 [KP] RLS2 не отвечает на проверку работоспособности
05.03 19:24:59:351 [KP] RLS3 не отвечает на проверку работоспособности
05.03 19:24:59:455 [KP] SPRO не отвечает на проверку работоспособности
05.03 19:24:59:562 [KP] ZRDN1 не отвечает на проверку работоспособности
05.03 19:24:59:676 [KP] ZRDN2 не отвечает на проверку работоспособности
05.03 19:24:59:784 [KP] ZRDN3 не отвечает на проверку работоспособности
05.03 19:25:01:919 RLS2 работоспособность подтверждена
05.03 19:25:02:541 ZRDN1 работоспособность подтверждена
05.03 19:25:02:636 ZRDN2 цель уничтожена ID:d3567cs цель уничтожена
05.03 19:25:03:248 ZRDN2 работоспособность подтверждена
05.03 19:25:03:856 ZRDN3 работоспособность подтверждена
05.03 19:25:06:004 RLS3 работоспособность подтверждена
05.03 19:25:08:138 SPRO работоспособность подтверждена
05.03 19:25:09:283 [KP] RLS1 не отвечает на проверку работоспособности
05.03 19:25:15:999 RLS1 обнаружена цель ID:57fb3cb с координатами 5384667 7602102
05.03 19:25:16:100 RLS1 обнаружена цель ID:cebc91r с координатами 3016990 2829870
05.03 19:25:16:710 RLS1 работоспособность подтверждена
05.03 19:25:19:473 [KP] RLS2 не отвечает на проверку работоспособности
05.03 19:25:19:590 [KP] RLS3 не отвечает на проверку работоспособности
05.03 19:25:19:704 [KP] SPRO не отвечает на проверку работоспособности
05.03 19:25:19:807 [KP] ZRDN1 не отвечает на проверку работоспособности
05.03 19:25:19:912 [KP] ZRDN2 не отвечает на проверку работоспособности
05.03 19:25:20:026 [KP] ZRDN3 не отвечает на проверку работоспособности
05.03 19:25:25:755 RLS2 обнаружена цель ID:cebc91r с координатами 3019378 2834514
05.03 19:25:26:354 RLS2 работоспособность подтверждена
05.03 19:25:26:440 ZRDN1 работоспособность подтверждена
05.03 19:25:27:052 ZRDN2 работоспособность подтверждена
05.03 19:25:27:658 ZRDN3 работоспособность подтверждена
05.03 19:25:29:313 [KP] RLS1 не отвечает на проверку работоспособности
05.03 19:25:29:481 [KP] RLS3 не отвечает на проверку работоспособности
05.03 19:25:29:584 [KP] SPRO не отвечает на проверку работоспособности
05.03 19:25:30:384 RLS3 работоспособность подтверждена
05.03 19:25:32:550 SPRO работоспособность подтверждена
05.03 19:25:39:327 [KP] RLS1 не отвечает на проверку работоспособности
05.03 19:25:39:446 [KP] RLS2 не отвечает на проверку работоспособности
05.03 19:25:39:706 [KP] ZRDN1 не отвечает на проверку работоспособности
05.03 19:25:39:818 [KP] ZRDN2 не отвечает на проверку работоспособности
05.03 19:25:39:938 [KP] ZRDN3 не отвечает на проверку работоспособности
05.03 19:25:40:538 RLS1 обнаружена цель ID:6a6890s с координатами 4959098 2659427
05.03 19:25:40:635 RLS1 обнаружена цель ID:908ef8b с координатами 6357820 2286516
05.03 19:25:40:728 RLS1 обнаружена цель ID:bf1dbbr с координатами 6094884 6689176
05.03 19:25:40:827 RLS1 обнаружена цель ID:83abcdb с координатами 5556356 6859216
05.03 19:25:40:919 RLS1 обнаружена цель ID:a9b521s с координатами 5391030 3808862
05.03 19:25:41:530 RLS1 работоспособность подтверждена
05.03 19:25:49:410 [KP] RLS2 не отвечает на проверку работоспособности
05.03 19:25:49:524 [KP] RLS3 не отвечает на проверку работоспособности
05.03 19:25:49:632 [KP] SPRO не отвечает на проверку работоспособности
05.03 19:25:49:735 [KP] ZRDN1 не отвечает на проверку работоспособности
05.03 19:25:49:826 [KP] ZRDN2 не отвечает на проверку работоспособности
05.03 19:25:49:915 [KP] ZRDN3 не отвечает на проверку работоспособности
05.03 19:25:50:506 ZRDN1 работоспособность подтверждена
05.03 19:25:50:600 RLS2 работоспособность подтверждена
05.03 19:25:50:689 ZRDN2 работоспособность подтверждена
05.03 19:25:51:301 ZRDN3 работоспособность подтверждена
05.03 19:25:54:477 RLS3 работоспособность подтверждена
05.03 19:25:56:102 SPRO работоспособность подтверждена
05.03 19:25:59:285 [KP] RLS1 не отвечает на проверку работоспособности
05.03 19:26:03:848 RLS1 обнаружена цель ID:f2dd55r с координатами 2427360 3796300
05.03 19:26:03:950 RLS1 обнаружена цель ID:6a6890s с координатами 4959280 2660220
05.03 19:26:04:557 RLS1 обнаружена цель ID:a9b521s с координатами 5391225 3807965
05.03 19:26:05:152 RLS1 обнаружена цель ID:4b4996b с координатами 5937555 6513607
05.03 19:26:05:237 RLS1 обнаружена цель ID:22cbabs с координатами 6149225 2178245
05.03 19:26:05:325 RLS1 работоспособность подтверждена
05.03 19:26:09:605 [KP] RLS2 не отвечает на проверку работоспособности
05.03 19:26:09:710 [KP] RLS3 не отвечает на проверку работоспособности
05.03 19:26:09:822 [KP] SPRO не отвечает на проверку работоспособности
05.03 19:26:09:921 [KP] ZRDN1 не отвечает на проверку работоспособности
05.03 19:26:10:014 [KP] ZRDN2 не отвечает на проверку работоспособности
05.03 19:26:10:107 [KP] ZRDN3 не отвечает на проверку работоспособности
05.03 19:26:13:251 ZRDN1 работоспособность подтверждена
05.03 19:26:13:865 RLS2 работоспособность подтверждена
05.03 19:26:13:960 ZRDN2 работоспособность подтверждена
05.03 19:26:14:558 ZRDN3 работоспособность подтверждена
05.03 19:26:17:214 RLS3 работоспособность подтверждена
05.03 19:26:18:320 SPRO работоспособность подтверждена
05.03 19:26:19:454 [KP] RLS1 не отвечает на проверку работоспособности
05.03 19:26:27:574 RLS1 обнаружена цель ID:f2fe75b с координатами 2423531 3147155
05.03 19:26:28:682 RLS1 обнаружена цель ID:740b28b с координатами 5174336 1551104
05.03 19:26:28:758 RLS1 работоспособность подтверждена
05.03 19:26:29:452 [KP] RLS2 не отвечает на проверку работоспособности
05.03 19:26:29:553 [KP] RLS3 не отвечает на проверку работоспособности
05.03 19:26:29:663 [KP] SPRO не отвечает на проверку работоспособности
05.03 19:26:29:774 [KP] ZRDN1 не отвечает на проверку работоспособности
05.03 19:26:29:871 [KP] ZRDN2 не отвечает на проверку работоспособности
05.03 19:26:29:964 [KP] ZRDN3 не отвечает на проверку работоспособности
05.03 19:26:35:164 RLS2 обнаружена цель ID:a4e05bb с координатами 2178410 1793555
05.03 19:26:35:763 ZRDN1 работоспособность подтверждена
05.03 19:26:35:839 RLS2 обнаружена цель ID:740b28b с координатами 5151421 1584294
05.03 19:26:35:920 ZRDN2 работоспособность подтверждена
05.03 19:26:35:997 RLS2 работоспособность подтверждена
05.03 19:26:36:600 ZRDN3 работоспособность подтверждена
05.03 19:26:39:281 [KP] RLS1 не отвечает на проверку работоспособности
05.03 19:26:39:432 [KP] RLS3 не отвечает на проверку работоспособности
05.03 19:26:39:524 [KP] SPRO не отвечает на проверку работоспособности
05.03 19:26:40:280 RLS3 работоспособность подтверждена
05.03 19:26:40:386 SPRO обнаружена цель ID:f2fe75b с координатами 2432947 3222235
05.03 19:26:40:984 SPRO работоспособность подтверждена
05.03 19:26:49:284 [KP] RLS1 не отвечает на проверку работоспособности
05.03 19:26:49:394 [KP] RLS2 не отвечает на проверку работоспособности
05.03 19:26:49:638 [KP] ZRDN1 не отвечает на проверку работоспособности
05.03 19:26:49:749 [KP] ZRDN2 не отвечает на проверку работоспособности
05.03 19:26:49:865 [KP] ZRDN3 не отвечает на проверку работоспособности
05.03 19:26:50:459 RLS1 обнаружена цель ID:b7a22fs с координатами 6024855 5729000
05.03 19:26:51:065 RLS1 обнаружена цель ID:4de35er с координатами 4501142 6583359
05.03 19:26:51:158 RLS1 работоспособность подтверждена
05.03 19:26:59:465 ZRDN1 работоспособность подтверждена
05.03 19:26:59:564 ZRDN2 работоспособность подтверждена
05.03 19:26:59:790 [KP] RLS2 не отвечает на проверку работоспособности
05.03 19:26:59:909 [KP] RLS3 не отвечает на проверку работоспособности
05.03 19:27:00:074 [KP] SPRO не отвечает на проверку работоспособности
05.03 19:27:00:413 [KP] ZRDN3 не отвечает на проверку работоспособности
05.03 19:27:01:044 RLS2 работоспособность подтверждена
05.03 19:27:01:186 ZRDN3 работоспособность подтверждена
05.03 19:27:05:956 RLS3 работоспособность подтверждена
05.03 19:27:07:093 SPRO выстрел по цели ID:f2fe75b выстрел, осталось 6
05.03 19:27:07:723 SPRO работоспособность подтверждена
05.03 19:27:09:397 [KP] RLS1 не отвечает на проверку работоспособности
05.03 19:27:09:744 [KP] ZRDN1 не отвечает на проверку работоспособности
05.03 19:27:09:847 [KP] ZRDN2 не отвечает на проверку работоспособности
05.03 19:27:17:662 RLS1 обнаружена цель ID:176812b с координатами 2805784 2981696
05.03 19:27:17:765 RLS1 обнаружена цель ID:fe86fcs с координатами 2316034 4602561
05.03 19:27:18:375 RLS1 обнаружена цель ID:4de35er с координатами 4504814 6575403
05.03 19:27:18:471 RLS1 работоспособность подтверждена
05.03 19:27:19:212 [KP] RLS2 не отвечает на проверку работоспособности
05.03 19:27:19:341 [KP] RLS3 не отвечает на проверку работоспособности
05.03 19:27:19:476 [KP] SPRO не отвечает на проверку работоспособности
05.03 19:27:19:596 [KP] ZRDN1 не отвечает на проверку работоспособности
05.03 19:27:19:712 [KP] ZRDN2 не отвечает на проверку работоспособности
05.03 19:27:19:827 [KP] ZRDN3 не отвечает на проверку работоспособности
05.03 19:27:27:599 ZRDN2 работоспособность подтверждена
05.03 19:27:28:194 ZRDN1 работоспособность подтверждена
05.03 19:27:28:277 RLS2 работоспособность подтверждена
05.03 19:27:28:360 ZRDN3 работоспособность подтверждена
05.03 19:27:29:513 [KP] RLS1 не отвечает на проверку работоспособности
05.03 19:27:29:705 [KP] RLS3 не отвечает на проверку работоспособности
05.03 19:27:29:815 [KP] SPRO не отвечает на проверку работоспособности
05.03 19:27:32:155 RLS3 работоспособность подтверждена
05.03 19:27:32:773 SPRO обнаружена цель ID:176812b с координатами 2813352 3047088
05.03 19:27:33:388 SPRO работоспособность подтверждена
05.03 19:27:39:148 [KP] RLS1 не отвечает на проверку работоспособности
05.03 19:27:39:259 [KP] RLS2 не отвечает на проверку работоспособности
05.03 19:27:39:511 [KP] ZRDN1 не отвечает на проверку работоспособности
05.03 19:27:39:615 [KP] ZRDN2 не отвечает на проверку работоспособности
05.03 19:27:39:722 [KP] ZRDN3 не отвечает на проверку работоспособности
05.03 19:27:44:432 RLS1 работоспособность подтверждена
05.03 19:27:49:322 [KP] RLS2 не отвечает на проверку работоспособности
05.03 19:27:49:455 [KP] RLS3 не отвечает на проверку работоспособности
05.03 19:27:49:580 [KP] SPRO не отвечает на проверку работоспособности
05.03 19:27:49:705 [KP] ZRDN1 не отвечает на проверку работоспособности
05.03 19:27:49:823 [KP] ZRDN2 не отвечает на проверку работоспособности
05.03 19:27:49:962 [KP] ZRDN3 не отвечает на проверку работоспособности
05.03 19:27:54:157 ZRDN2 работоспособность подтверждена
05.03 19:27:54:245 ZRDN1 работоспособность подтверждена
05.03 19:27:54:866 ZRDN3 работоспособность подтверждена
05.03 19:27:54:975 RLS2 работоспособность подтверждена
05.03 19:27:58:656 RLS3 работоспособность подтверждена
05.03 19:27:59:293 [KP] RLS1 не отвечает на проверку работоспособности
05.03 19:27:59:569 [KP] SPRO не отвечает на проверку работоспособности
05.03 19:28:00:399 SPRO промах по цели ID:f2fe75b Промах
05.03 19:28:00:509 SPRO выстрел по цели ID:176812b выстрел, осталось 5
05.03 19:28:00:608 SPRO работоспособность подтверждена
05.03 19:28:09:497 [KP] RLS1 не отвечает на проверку работоспособности
05.03 19:28:09:634 [KP] RLS2 не отвечает на проверку работоспособности
05.03 19:28:09:763 [KP] RLS3 не отвечает на проверку работоспособности
05.03 19:28:09:956 [KP] ZRDN1 не отвечает на проверку работоспособности
05.03 19:28:10:058 [KP] ZRDN2 не отвечает на проверку работоспособности
05.03 19:28:10:169 [KP] ZRDN3 не отвечает на проверку работоспособности
05.03 19:28:11:788 RLS1 обнаружена цель ID:44199eb с координатами 6223408 4531720
05.03 19:28:12:400 RLS1 обнаружена цель ID:abf8edb с координатами 3590326 1889647
05.03 19:28:12:489 RLS1 обнаружена цель ID:6b0fe0b с координатами 4084118 4464404
05.03 19:28:12:587 RLS1 обнаружена цель ID:61e0e3s с координатами 5044126 3695523
05.03 19:28:13:198 RLS1 работоспособность подтверждена
05.03 19:28:19:441 ZRDN2 работоспособность подтверждена
05.03 19:28:19:511 ZRDN1 работоспособность подтверждена
05.03 19:28:19:583 RLS2 обнаружена цель ID:abf8edb с координатами 3591630 1924235
05.03 19:28:19:651 ZRDN3 работоспособность подтверждена
05.03 19:28:19:794 [KP] RLS2 не отвечает на проверку работоспособности
05.03 19:28:19:885 [KP] RLS3 не отвечает на проверку работоспособности
05.03 19:28:19:970 [KP] SPRO не отвечает на проверку работоспособности
05.03 19:28:20:735 RLS2 обнаружена цель ID:982618b с координатами 3243796 1843850
05.03 19:28:20:832 RLS2 работоспособность подтверждена
05.03 19:28:23:989 RLS3 работоспособность подтверждена
05.03 19:28:25:107 SPRO обнаружена цель ID:6b0fe0b с координатами 4137031 4427318
05.03 19:28:25:198 SPRO работоспособность подтверждена
05.03 19:28:29:411 [KP] RLS1 не отвечает на проверку работоспособности
05.03 19:28:29:717 [KP] ZRDN1 не отвечает на проверку работоспособности
05.03 19:28:29:827 [KP] ZRDN2 не отвечает на проверку работоспособности
05.03 19:28:29:940 [KP] ZRDN3 не отвечает на проверку работоспособности
05.03 19:28:34:623 RLS1 обнаружена цель ID:46d2a3r с координатами 5467999 4371856
05.03 19:28:34:723 RLS1 обнаружена цель ID:b676e5s с координатами 3173624 4732584
05.03 19:28:35:346 RLS1 обнаружена цель ID:61e0e3s с координатами 5044168 3695364
05.03 19:28:35:468 RLS1 обнаружена цель ID:982618b с координатами 3323878 1883675
05.03 19:28:35:581 RLS1 работоспособность подтверждена
05.03 19:28:39:382 [KP] RLS2 не отвечает на проверку работоспособности
05.03 19:28:39:494 [KP] RLS3 не отвечает на проверку работоспособности
05.03 19:28:39:605 [KP] SPRO не отвечает на проверку работоспособности
05.03 19:28:39:714 [KP] ZRDN1 не отвечает на проверку работоспособности
05.03 19:28:39:827 [KP] ZRDN2 не отвечает на проверку работоспособности
05.03 19:28:39:938 [KP] ZRDN3 не отвечает на проверку работоспособности
05.03 19:28:42:054 ZRDN2 работоспособность подтверждена
05.03 19:28:42:663 ZRDN1 работоспособность подтверждена
05.03 19:28:42:770 ZRDN3 работоспособность подтверждена
05.03 19:28:42:871 RLS2 обнаружена цель ID:cac450r с координатами 2622388 1837750
05.03 19:28:42:980 RLS2 работоспособность подтверждена
05.03 19:28:46:658 RLS3 работоспособность подтверждена
05.03 19:28:47:262 SPRO выстрел по цели ID:f2fe75b выстрел, осталось 4
05.03 19:28:47:856 SPRO выстрел по цели ID:6b0fe0b выстрел, осталось 3
05.03 19:28:47:938 SPRO работоспособность подтверждена
05.03 19:28:49:578 [KP] RLS1 не отвечает на проверку работоспособности
05.03 19:28:58:201 RLS1 обнаружена цель ID:f75bd9s с координатами 4086872 4585104
05.03 19:28:58:810 RLS1 обнаружена цель ID:cac450r с координатами 2624134 1841125
05.03 19:28:59:424 RLS1 обнаружена цель ID:9f8e8db с координатами 6189932 4052336
05.03 19:28:59:518 RLS1 обнаружена цель ID:025b9er с координатами 5992060 7148727
05.03 19:28:59:629 [KP] RLS1 не отвечает на проверку работоспособности
05.03 19:28:59:720 [KP] RLS2 не отвечает на проверку работоспособности
05.03 19:28:59:823 [KP] RLS3 не отвечает на проверку работоспособности
05.03 19:28:59:913 [KP] SPRO не отвечает на проверку работоспособности
05.03 19:29:00:009 [KP] ZRDN1 не отвечает на проверку работоспособности
05.03 19:29:00:136 [KP] ZRDN2 не отвечает на проверку работоспособности
05.03 19:29:00:269 [KP] ZRDN3 не отвечает на проверку работоспособности
05.03 19:29:00:889 RLS1 обнаружена цель ID:c7ccf2b с координатами 6053976 5220920
05.03 19:29:01:012 RLS1 работоспособность подтверждена
05.03 19:29:07:293 ZRDN2 работоспособность подтверждена
05.03 19:29:07:905 ZRDN3 работоспособность подтверждена
05.03 19:29:07:991 ZRDN1 работоспособность подтверждена
05.03 19:29:08:587 RLS2 работоспособность подтверждена
05.03 19:29:09:409 [KP] RLS3 не отвечает на проверку работоспособности
05.03 19:29:09:541 [KP] SPRO не отвечает на проверку работоспособности
05.03 19:29:13:515 RLS3 работоспособность подтверждена
05.03 19:29:14:658 SPRO цель уничтожена ID:176812b цель уничтожена СПРО
05.03 19:29:14:765 SPRO работоспособность подтверждена
05.03 19:29:19:513 [KP] RLS1 не отвечает на проверку работоспособности
05.03 19:29:19:624 [KP] RLS2 не отвечает на проверку работоспособности
05.03 19:29:19:864 [KP] ZRDN1 не отвечает на проверку работоспособности
05.03 19:29:19:977 [KP] ZRDN2 не отвечает на проверку работоспособности
05.03 19:29:20:086 [KP] ZRDN3 не отвечает на проверку работоспособности
05.03 19:29:26:806 RLS1 обнаружена цель ID:9b0a8ab с координатами 5360942 1129791
05.03 19:29:27:433 RLS1 работоспособность подтверждена
05.03 19:29:29:168 [KP] RLS2 не отвечает на проверку работоспособности
05.03 19:29:29:283 [KP] RLS3 не отвечает на проверку работоспособности
05.03 19:29:29:400 [KP] SPRO не отвечает на проверку работоспособности
05.03 19:29:29:509 [KP] ZRDN1 не отвечает на проверку работоспособности
05.03 19:29:29:607 [KP] ZRDN2 не отвечает на проверку работоспособности
05.03 19:29:29:710 [KP] ZRDN3 не отвечает на проверку работоспособности
05.03 19:29:31:832 ZRDN2 работоспособность подтверждена
05.03 19:29:32:431 ZRDN3 работоспособность подтверждена
05.03 19:29:32:522 ZRDN1 работоспособность подтверждена
05.03 19:29:32:614 RLS2 обнаружена цель ID:9b0a8ab с координатами 5342198 1164179
05.03 19:29:33:210 RLS2 работоспособность подтверждена
05.03 19:29:35:850 RLS3 работоспособность подтверждена
05.03 19:29:36:955 SPRO промах по цели ID:6b0fe0b Промах
05.03 19:29:37:561 SPRO работоспособность подтверждена
05.03 19:29:39:203 [KP] RLS1 не отвечает на проверку работоспособности
05.03 19:29:47:875 RLS1 обнаружена цель ID:b7a22fs с координатами 6033500 5729000
05.03 19:29:48:470 RLS1 обнаружена цель ID:3f6fd4s с координатами 5693450 4187341
05.03 19:29:48:563 RLS1 обнаружена цель ID:fe86fcs с координатами 2323460 4606590
05.03 19:29:49:158 RLS1 обнаружена цель ID:b676e5s с координатами 3179708 4738278
05.03 19:29:49:232 RLS1 работоспособность подтверждена
05.03 19:29:49:386 [KP] RLS2 не отвечает на проверку работоспособности
05.03 19:29:49:479 [KP] RLS3 не отвечает на проверку работоспособности
05.03 19:29:49:570 [KP] SPRO не отвечает на проверку работоспособности
05.03 19:29:49:662 [KP] ZRDN1 не отвечает на проверку работоспособности
05.03 19:29:49:750 [KP] ZRDN2 не отвечает на проверку работоспособности
05.03 19:29:49:845 [KP] ZRDN3 не отвечает на проверку работоспособности
05.03 19:29:52:971 ZRDN2 работоспособность подтверждена
05.03 19:29:53:558 ZRDN1 работоспособность подтверждена
05.03 19:29:53:645 ZRDN3 работоспособность подтверждена
05.03 19:29:54:255 RLS2 работоспособность подтверждена
05.03 19:29:57:410 RLS3 работоспособность подтверждена
05.03 19:29:58:528 SPRO работоспособность подтверждена
05.03 19:29:59:155 [KP] RLS1 не отвечает на проверку работоспособности
05.03 19:30:09:398 [KP] RLS1 не отвечает на проверку работоспособности
05.03 19:30:09:522 [KP] RLS2 не отвечает на проверку работоспособности
05.03 19:30:09:644 [KP] RLS3 не отвечает на проверку работоспособности
05.03 19:30:09:758 [KP] SPRO не отвечает на проверку работоспособности
05.03 19:30:09:878 [KP] ZRDN1 не отвечает на проверку работоспособности
05.03 19:30:09:989 [KP] ZRDN2 не отвечает на проверку работоспособности
05.03 19:30:10:101 [KP] ZRDN3 не отвечает на проверку работоспособности
05.03 19:30:11:720 RLS1 обнаружена цель ID:3f6fd4s с координатами 5692950 4187651
05.03 19:30:12:342 RLS1 обнаружена цель ID:73bd5ds с координатами 5828864 1919102
05.03 19:30:12:462 RLS1 работоспособность подтверждена
05.03 19:30:17:185 ZRDN2 работоспособность подтверждена
05.03 19:30:17:820 ZRDN1 работоспособность подтверждена
05.03 19:30:17:968 ZRDN3 работоспособность подтверждена
05.03 19:30:19:097 RLS2 работоспособность подтверждена
05.03 19:30:19:332 [KP] RLS3 не отвечает на проверку работоспособности
05.03 19:30:19:431 [KP] SPRO не отвечает на проверку работоспособности
05.03 19:30:22:280 RLS3 работоспособность подтверждена
05.03 19:30:23:416 SPRO цель уничтожена ID:f2fe75b цель уничтожена СПРО
05.03 19:30:23:527 SPRO работоспособность подтверждена
05.03 19:30:29:280 [KP] RLS1 не отвечает на проверку работоспособности
05.03 19:30:29:401 [KP] RLS2 не отвечает на проверку работоспособности
05.03 19:30:29:762 [KP] ZRDN1 не отвечает на проверку работоспособности
05.03 19:30:29:902 [KP] ZRDN2 не отвечает на проверку работоспособности
05.03 19:30:30:042 [KP] ZRDN3 не отвечает на проверку работоспособности
05.03 19:30:38:322 RLS1 обнаружена цель ID:8a65far с координатами 6299678 6796182
05.03 19:30:38:934 RLS1 обнаружена цель ID:a33dfcs с координатами 4669160 5137500
05.03 19:30:39:541 RLS1 обнаружена цель ID:b051ccs с координатами 3261136 2564248
05.03 19:30:39:633 RLS1 работоспособность подтверждена
05.03 19:30:39:848 [KP] RLS2 не отвечает на проверку работоспособности
05.03 19:30:39:949 [KP] RLS3 не отвечает на проверку работоспособности
05.03 19:30:40:073 [KP] SPRO не отвечает на проверку работоспособности
05.03 19:30:40:201 [KP] ZRDN1 не отвечает на проверку работоспособности
05.03 19:30:40:316 [KP] ZRDN2 не отвечает на проверку работоспособности
05.03 19:30:40:427 [KP] ZRDN3 не отвечает на проверку работоспособности
05.03 19:30:42:571 ZRDN2 работоспособность подтверждена
05.03 19:30:43:182 ZRDN3 работоспособность подтверждена
05.03 19:30:43:279 ZRDN1 работоспособность подтверждена
05.03 19:30:43:885 RLS2 обнаружена цель ID:224c27s с координатами 2128312 2059752
05.03 19:30:44:514 RLS2 обнаружена цель ID:b051ccs с координатами 3261238 2564434
05.03 19:30:45:172 RLS2 работоспособность подтверждена
05.03 19:30:47:864 RLS3 работоспособность подтверждена
05.03 19:30:48:458 SPRO работоспособность подтверждена
05.03 19:30:49:085 [KP] RLS1 не отвечает на проверку работоспособности
05.03 19:30:59:264 [KP] RLS1 не отвечает на проверку работоспособности
05.03 19:30:59:372 [KP] RLS2 не отвечает на проверку работоспособности
05.03 19:30:59:481 [KP] RLS3 не отвечает на проверку работоспособности
05.03 19:30:59:585 [KP] SPRO не отвечает на проверку работоспособности
05.03 19:30:59:700 [KP] ZRDN1 не отвечает на проверку работоспособности
05.03 19:30:59:808 [KP] ZRDN2 не отвечает на проверку работоспособности
05.03 19:30:59:901 [KP] ZRDN3 не отвечает на проверку работоспособности
05.03 19:31:02:014 RLS1 обнаружена цель ID:1eabe2b с координатами 6144692 2012908
05.03 19:31:02:098 RLS1 обнаружена цель ID:8a65far с координатами 6302842 6787698
05.03 19:31:02:186 RLS1 обнаружена цель ID:022c17r с координатами 5047098 4453569
05.03 19:31:02:791 RLS1 обнаружена цель ID:0d5d7ab с координатами 5105980 3905620
05.03 19:31:02:885 RLS1 обнаружена цель ID:9a30c4b с координатами 5667228 3948582
05.03 19:31:02:978 RLS1 обнаружена цель ID:b051ccs с координатами 3261612 2565116
05.03 19:31:03:571 RLS1 работоспособность подтверждена
05.03 19:31:04:167 ZRDN2 работоспособность подтверждена
05.03 19:31:04:763 ZRDN3 работоспособность подтверждена
05.03 19:31:04:851 ZRDN1 работоспособность подтверждена
05.03 19:31:06:478 RLS2 обнаружена цель ID:62de87s с координатами 1678000 1067134
05.03 19:31:07:071 RLS2 обнаружена цель ID:b051ccs с координатами 3261714 2565302
05.03 19:31:07:146 RLS2 работоспособность подтверждена
05.03 19:31:08:757 RLS3 работоспособность подтверждена
05.03 19:31:09:343 SPRO обнаружена цель ID:abf8edb с координатами 3621622 2719759
05.03 19:31:09:610 [KP] SPRO не отвечает на проверку работоспособности
05.03 19:31:10:388 SPRO работоспособность подтверждена
05.03 19:31:19:198 [KP] RLS1 не отвечает на проверку работоспособности
05.03 19:31:19:295 [KP] RLS2 не отвечает на проверку работоспособности
05.03 19:31:19:384 [KP] RLS3 не отвечает на проверку работоспособности
05.03 19:31:19:534 [KP] ZRDN1 не отвечает на проверку работоспособности
05.03 19:31:19:624 [KP] ZRDN2 не отвечает на проверку работоспособности
05.03 19:31:19:716 [KP] ZRDN3 не отвечает на проверку работоспособности
05.03 19:31:23:872 RLS1 обнаружена цель ID:02d481r с координатами 4441710 5315030
05.03 19:31:24:984 RLS1 работоспособность подтверждена
05.03 19:31:25:593 ZRDN2 работоспособность подтверждена
05.03 19:31:26:192 ZRDN1 работоспособность подтверждена
05.03 19:31:26:786 ZRDN3 работоспособность подтверждена
05.03 19:31:28:921 RLS2 работоспособность подтверждена
05.03 19:31:29:666 [KP] RLS3 не отвечает на проверку работоспособности
05.03 19:31:29:775 [KP] SPRO не отвечает на проверку работоспособности
05.03 19:31:31:055 RLS3 работоспособность подтверждена
05.03 19:31:31:657 SPRO выстрел по цели ID:abf8edb выстрел, осталось 2
05.03 19:31:31:736 SPRO боекомплект пополнен пополнено на 5, БК=7
05.03 19:31:31:819 SPRO работоспособность подтверждена
05.03 19:31:39:092 [KP] RLS1 не отвечает на проверку работоспособности
05.03 19:31:39:185 [KP] RLS2 не отвечает на проверку работоспособности
05.03 19:31:39:401 [KP] ZRDN1 не отвечает на проверку работоспособности
05.03 19:31:39:509 [KP] ZRDN2 не отвечает на проверку работоспособности
05.03 19:31:39:615 [KP] ZRDN3 не отвечает на проверку работоспособности
05.03 19:31:46:332 RLS1 обнаружена цель ID:41a120b с координатами 4061392 7109816
05.03 19:31:46:936 RLS1 обнаружена цель ID:4cfaf2s с координатами 2547120 3692736
05.03 19:31:47:042 RLS1 обнаружена цель ID:02d481r с координатами 4442562 5305466
05.03 19:31:47:141 RLS1 цель движется в направлении СПРО ID:02d481r
05.03 19:31:47:724 RLS1 обнаружена цель ID:73bd5ds с координатами 5821792 1924406
05.03 19:31:47:792 RLS1 цель движется в направлении СПРО ID:73bd5ds
05.03 19:31:47:865 ZRDN2 работоспособность подтверждена
05.03 19:31:47:937 RLS1 работоспособность подтверждена
05.03 19:31:48:534 ZRDN1 работоспособность подтверждена
05.03 19:31:48:616 ZRDN3 работоспособность подтверждена
05.03 19:31:49:293 [KP] RLS2 не отвечает на проверку работоспособности
05.03 19:31:49:398 [KP] RLS3 не отвечает на проверку работоспособности
05.03 19:31:49:495 [KP] SPRO не отвечает на проверку работоспособности
05.03 19:31:51:268 RLS2 работоспособность подтверждена
05.03 19:31:52:882 RLS3 работоспособность подтверждена
05.03 19:31:53:470 SPRO работоспособность подтверждена
05.03 19:31:59:213 [KP] RLS1 не отвечает на проверку работоспособности
05.03 19:31:59:527 [KP] ZRDN1 не отвечает на проверку работоспособности
05.03 19:31:59:621 [KP] ZRDN2 не отвечает на проверку работоспособности
05.03 19:31:59:722 [KP] ZRDN3 не отвечает на проверку работоспособности
05.03 19:32:09:537 [KP] RLS1 не отвечает на проверку работоспособности
05.03 19:32:09:635 [KP] RLS2 не отвечает на проверку работоспособности
05.03 19:32:09:735 [KP] RLS3 не отвечает на проверку работоспособности
05.03 19:32:09:850 [KP] SPRO не отвечает на проверку работоспособности
05.03 19:32:09:958 [KP] ZRDN1 не отвечает на проверку работоспособности
05.03 19:32:10:064 [KP] ZRDN2 не отвечает на проверку работоспособности
05.03 19:32:10:189 [KP] ZRDN3 не отвечает на проверку работоспособности
05.03 19:32:10:779 RLS1 обнаружена цель ID:a33dfcs с координатами 4675192 5145300
05.03 19:32:10:863 ZRDN2 работоспособность подтверждена
05.03 19:32:11:461 RLS1 обнаружена цель ID:f15718s с координатами 6197568 1122688
05.03 19:32:11:553 RLS1 работоспособность подтверждена
05.03 19:32:12:162 ZRDN1 работоспособность подтверждена
05.03 19:32:12:271 ZRDN3 работоспособность подтверждена
05.03 19:32:14:417 RLS2 работоспособность подтверждена
05.03 19:32:17:056 RLS3 работоспособность подтверждена
05.03 19:32:17:664 SPRO работоспособность подтверждена
05.03 19:32:29:540 [KP] RLS1 не отвечает на проверку работоспособности
05.03 19:32:29:647 [KP] RLS2 не отвечает на проверку работоспособности
05.03 19:32:29:748 [KP] RLS3 не отвечает на проверку работоспособности
05.03 19:32:29:849 [KP] SPRO не отвечает на проверку работоспособности
05.03 19:32:29:955 [KP] ZRDN1 не отвечает на проверку работоспособности
05.03 19:32:30:058 [KP] ZRDN2 не отвечает на проверку работоспособности
05.03 19:32:30:172 [KP] ZRDN3 не отвечает на проверку работоспособности
05.03 19:32:34:851 ZRDN2 работоспособность подтверждена
05.03 19:32:34:928 RLS1 обнаружена цель ID:097b24r с координатами 3267912 957656
05.03 19:32:35:518 RLS1 обнаружена цель ID:db1fc1s с координатами 4806210 5382678
05.03 19:32:35:613 RLS1 обнаружена цель ID:4f3705r с координатами 5283956 5562993
05.03 19:32:35:718 ZRDN1 обнаружена цель ID:d686d5s с координатами 6304876 4058548
05.03 19:32:35:813 RLS1 обнаружена цель ID:b2b0b7r с координатами 2947004 4696660
05.03 19:32:36:415 ZRDN3 работоспособность подтверждена
05.03 19:32:36:518 ZRDN1 работоспособность подтверждена
05.03 19:32:36:611 RLS1 работоспособность подтверждена
05.03 19:32:37:722 RLS2 обнаружена цель ID:097b24r с координатами 3268890 959070
05.03 19:32:38:315 RLS2 работоспособность подтверждена
05.03 19:32:39:590 [KP] RLS3 не отвечает на проверку работоспособности
05.03 19:32:39:701 [KP] SPRO не отвечает на проверку работоспособности
05.03 19:32:40:463 RLS3 работоспособность подтверждена
05.03 19:32:40:538 SPRO работоспособность подтверждена
05.03 19:32:49:319 [KP] RLS1 не отвечает на проверку работоспособности
05.03 19:32:49:418 [KP] RLS2 не отвечает на проверку работоспособности
05.03 19:32:49:645 [KP] ZRDN1 не отвечает на проверку работоспособности
05.03 19:32:49:750 [KP] ZRDN2 не отвечает на проверку работоспособности
05.03 19:32:49:854 [KP] ZRDN3 не отвечает на проверку работоспособности
05.03 19:32:56:560 ZRDN2 работоспособность подтверждена
05.03 19:32:57:654 ZRDN1 выстрел по цели ID:d686d5s выстрел, осталось 16
05.03 19:32:57:724 RLS1 обнаружена цель ID:186a2db с координатами 2521036 4937636
05.03 19:32:57:791 ZRDN3 работоспособность подтверждена
05.03 19:32:57:858 ZRDN1 работоспособность подтверждена
05.03 19:32:57:927 RLS1 обнаружена цель ID:4cfaf2s с координатами 2547720 3701416
05.03 19:32:58:512 RLS1 обнаружена цель ID:4f3705r с координатами 5283900 5554075
05.03 19:32:58:593 RLS1 работоспособность подтверждена
05.03 19:32:59:265 [KP] RLS2 не отвечает на проверку работоспособности
05.03 19:32:59:363 [KP] RLS3 не отвечает на проверку работоспособности
05.03 19:32:59:459 [KP] SPRO не отвечает на проверку работоспособности
05.03 19:33:00:254 RLS2 обнаружена цель ID:62de87s с координатами 1678000 1075576
05.03 19:33:00:351 RLS2 цель движется в направлении СПРО ID:62de87s
05.03 19:33:00:961 RLS2 работоспособность подтверждена
05.03 19:33:02:582 SPRO цель уничтожена ID:abf8edb цель уничтожена СПРО
05.03 19:33:02:676 SPRO работоспособность подтверждена
05.03 19:33:02:755 RLS3 работоспособность подтверждена
05.03 19:33:09:520 [KP] RLS1 не отвечает на проверку работоспособности
05.03 19:33:09:835 [KP] ZRDN1 не отвечает на проверку работоспособности
05.03 19:33:09:942 [KP] ZRDN2 не отвечает на проверку работоспособности
05.03 19:33:10:055 [KP] ZRDN3 не отвечает на проверку работоспособности
05.03 19:33:19:356 [KP] RLS1 не отвечает на проверку работоспособности
05.03 19:33:19:454 [KP] RLS2 не отвечает на проверку работоспособности
05.03 19:33:19:547 [KP] RLS3 не отвечает на проверку работоспособности
05.03 19:33:19:634 [KP] SPRO не отвечает на проверку работоспособности
05.03 19:33:19:721 [KP] ZRDN1 не отвечает на проверку работоспособности
05.03 19:33:19:811 [KP] ZRDN2 не отвечает на проверку работоспособности
05.03 19:33:19:902 [KP] ZRDN3 не отвечает на проверку работоспособности
05.03 19:33:20:495 ZRDN2 работоспособность подтверждена
05.03 19:33:21:620 ZRDN3 работоспособность подтверждена
05.03 19:33:21:700 ZRDN1 работоспособность подтверждена
05.03 19:33:22:298 RLS1 работоспособность подтверждена
05.03 19:33:24:425 RLS2 работоспособность подтверждена
05.03 19:33:26:057 SPRO работоспособность подтверждена
05.03 19:33:26:666 RLS3 работоспособность подтверждена
05.03 19:35:19:118 [KP] Запуск КП ВКО
05.03 19:35:21:173 RLS1 обнаружена цель ID:fbce80b с координатами 6504454 5892098
05.03 19:35:21:244 RLS2 обнаружена цель ID:402663s с координатами 3216153 1932069
05.03 19:35:21:313 RLS1 обнаружена цель ID:0dcc7ar с координатами 3258207 6366659
05.03 19:35:21:381 RLS2 обнаружена цель ID:ee1b1ar с координатами 1785170 1644326
05.03 19:35:21:453 RLS1 обнаружена цель ID:402663s с координатами 3216153 1932069
05.03 19:35:22:526 ZRDN3 обнаружена цель ID:d9d5dbs с координатами 10840991 4571939
05.03 19:35:22:608 ZRDN2 обнаружена цель ID:707903s с координатами 9136861 5140864
05.03 19:35:22:682 ZRDN1 работоспособность подтверждена
05.03 19:35:22:755 ZRDN2 работоспособность подтверждена
05.03 19:35:22:831 ZRDN3 работоспособность подтверждена
05.03 19:35:22:904 SPRO обнаружена цель ID:69d6bfb с координатами 3809096 4006456
05.03 19:35:22:992 RLS2 обнаружена цель ID:341d77s с координатами 5344225 1248067
05.03 19:35:23:585 RLS1 обнаружена цель ID:341d77s с координатами 5344225 1248067
05.03 19:35:23:668 SPRO работоспособность подтверждена
05.03 19:35:23:752 RLS1 обнаружена цель ID:e05685b с координатами 5266525 4849648
05.03 19:35:23:843 RLS2 обнаружена цель ID:fdbe8cs с координатами 2806025 1670067
05.03 19:35:23:939 RLS2 обнаружена цель ID:364a81b с координатами 5711677 1057318
05.03 19:35:24:038 RLS1 обнаружена цель ID:1ccb12r с координатами 6323550 2446561
05.03 19:35:24:139 RLS3 работоспособность подтверждена
05.03 19:35:24:287 RLS1 обнаружена цель ID:fdbe8cs с координатами 2806025 1670067
05.03 19:35:24:414 RLS2 обнаружена цель ID:af3b9er с координатами 4059346 939261
05.03 19:35:24:529 RLS1 обнаружена цель ID:4c96d9s с координатами 2615105 3869173
05.03 19:35:24:635 RLS1 обнаружена цель ID:364a81b с координатами 5711677 1057318
05.03 19:35:24:740 RLS2 работоспособность подтверждена
05.03 19:35:24:830 RLS1 обнаружена цель ID:67a585s с координатами 5253068 1952047
05.03 19:35:24:902 RLS1 обнаружена цель ID:11e380s с координатами 5144077 5128860
05.03 19:35:25:497 RLS1 обнаружена цель ID:af3b9er с координатами 4059346 939261
05.03 19:35:25:578 RLS1 обнаружена цель ID:69d6bfb с координатами 3809096 4006456
05.03 19:35:25:660 RLS1 работоспособность подтверждена
05.03 19:35:25:741 ZRDN3 выстрел по цели ID:d9d5dbs выстрел, осталось 19
05.03 19:35:25:830 ZRDN2 выстрел по цели ID:707903s выстрел, осталось 19
05.03 19:35:25:920 SPRO выстрел по цели ID:69d6bfb выстрел, осталось 9
05.03 19:35:26:021 RLS2 обнаружена цель ID:341d77s с координатами 5344450 1248134
05.03 19:35:26:625 RLS2 обнаружена цель ID:fdbe8cs с координатами 2806050 1670134
05.03 19:35:26:704 RLS2 обнаружена цель ID:402663s с координатами 3216306 1932138
05.03 19:35:26:789 RLS2 обнаружена цель ID:364a81b с координатами 5705354 1064636
05.03 19:35:26:876 RLS2 цель движется в направлении СПРО ID:364a81b
05.03 19:35:26:966 RLS2 обнаружена цель ID:ee1b1ar с координатами 1785340 1644652
05.03 19:35:27:061 RLS1 обнаружена цель ID:341d77s с координатами 5344450 1248134
05.03 19:35:27:154 RLS2 обнаружена цель ID:af3b9er с координатами 4059692 939522
05.03 19:35:27:246 RLS1 обнаружена цель ID:0dcc7ar с координатами 3258621 6365977
05.03 19:35:27:339 RLS1 обнаружена цель ID:fdbe8cs с координатами 2806050 1670134
05.03 19:35:27:432 RLS1 обнаружена цель ID:4c96d9s с координатами 2615210 3869346
05.03 19:35:28:026 RLS1 обнаружена цель ID:402663s с координатами 3216459 1932207
05.03 19:35:28:104 RLS1 обнаружена цель ID:364a81b с координатами 5705354 1064636
05.03 19:35:28:188 RLS1 цель движется в направлении СПРО ID:364a81b
05.03 19:35:28:274 RLS1 обнаружена цель ID:67a585s с координатами 5253204 1952141
05.03 19:35:28:356 RLS1 обнаружена цель ID:11e380s с координатами 5144231 5128580
05.03 19:35:28:436 RLS1 обнаружена цель ID:af3b9er с координатами 4059692 939522
05.03 19:35:28:557 RLS1 обнаружена цель ID:69d6bfb с координатами 3811192 4014912
05.03 19:35:32:175 SPRO промах по цели ID:69d6bfb Промах
05.03 19:35:32:245 RLS1 работоспособность подтверждена
05.03 19:35:32:315 ZRDN2 работоспособность подтверждена
05.03 19:35:32:398 SPRO работоспособность подтверждена
05.03 19:35:32:476 ZRDN3 работоспособность подтверждена
05.03 19:35:33:077 RLS3 работоспособность подтверждена
05.03 19:35:35:221 RLS2 работоспособность подтверждена
05.03 19:35:36:853 ZRDN1 работоспособность подтверждена
05.03 19:35:42:567 RLS2 работоспособность подтверждена
05.03 19:35:45:233 ZRDN1 работоспособность подтверждена
05.03 19:35:46:383 SPRO выстрел по цели ID:69d6bfb выстрел, осталось 8
05.03 19:35:46:980 SPRO работоспособность подтверждена
05.03 19:35:47:052 ZRDN3 работоспособность подтверждена
05.03 19:35:47:129 ZRDN2 работоспособность подтверждена
05.03 19:35:47:208 RLS1 работоспособность подтверждена
05.03 19:35:49:342 RLS3 работоспособность подтверждена
05.03 19:35:52:440 RLS2 работоспособность подтверждена
05.03 19:35:56:124 ZRDN1 работоспособность подтверждена
05.03 19:35:58:269 SPRO работоспособность подтверждена
05.03 19:35:58:855 ZRDN2 работоспособность подтверждена
05.03 19:35:58:930 ZRDN3 работоспособность подтверждена
05.03 19:35:59:001 RLS1 работоспособность подтверждена
05.03 19:36:01:303 [KP] RLS3 не отвечает на проверку работоспособности
05.03 19:36:02:710 RLS3 работоспособность подтверждена
05.03 19:36:06:376 RLS2 работоспособность подтверждена
05.03 19:36:10:548 ZRDN1 работоспособность подтверждена
05.03 19:36:11:178 [KP] RLS1 не отвечает на проверку работоспособности
05.03 19:36:11:412 [KP] SPRO не отвечает на проверку работоспособности
05.03 19:36:11:586 [KP] ZRDN2 не отвечает на проверку работоспособности
05.03 19:36:11:689 [KP] ZRDN3 не отвечает на проверку работоспособности
05.03 19:36:13:295 SPRO промах по цели ID:69d6bfb Промах
05.03 19:36:13:391 SPRO работоспособность подтверждена
05.03 19:36:14:514 ZRDN2 работоспособность подтверждена
05.03 19:36:14:600 ZRDN3 работоспособность подтверждена
05.03 19:36:15:205 RLS1 работоспособность подтверждена
05.03 19:36:20:399 RLS3 работоспособность подтверждена
05.03 19:36:21:625 [KP] RLS2 не отвечает на проверку работоспособности
05.03 19:36:21:890 [KP] ZRDN1 не отвечает на проверку работоспособности
05.03 19:36:25:186 RLS2 работоспособность подтверждена
05.03 19:36:30:896 ZRDN1 работоспособность подтверждена
05.03 19:36:31:522 [KP] RLS1 не отвечает на проверку работоспособности
05.03 19:36:31:694 [KP] RLS3 не отвечает на проверку работоспособности
05.03 19:36:31:804 [KP] SPRO не отвечает на проверку работоспособности
05.03 19:36:31:987 [KP] ZRDN2 не отвечает на проверку работоспособности
05.03 19:36:32:110 [KP] ZRDN3 не отвечает на проверку работоспособности
05.03 19:36:34:741 SPRO работоспособность подтверждена
05.03 19:36:35:853 ZRDN3 цель уничтожена ID:d9d5dbs цель уничтожена
05.03 19:36:35:956 ZRDN2 цель уничтожена ID:707903s цель уничтожена
05.03 19:36:36:061 RLS1 обнаружена цель ID:2cf216b с координатами 6473417 7656525
05.03 19:36:36:654 ZRDN3 работоспособность подтверждена
05.03 19:36:36:737 ZRDN2 работоспособность подтверждена
05.03 19:36:36:823 RLS1 работоспособность подтверждена
05.03 19:36:41:615 [KP] RLS2 не отвечает на проверку работоспособности
05.03 19:36:41:737 [KP] RLS3 не отвечает на проверку работоспособности
05.03 19:36:41:924 [KP] ZRDN1 не отвечает на проверку работоспособности
05.03 19:36:43:168 RLS3 работоспособность подтверждена
05.03 19:36:48:868 RLS2 работоспособность подтверждена
05.03 19:36:51:544 [KP] RLS1 не отвечает на проверку работоспособности
05.03 19:36:51:811 [KP] SPRO не отвечает на проверку работоспособности
05.03 19:36:51:924 [KP] ZRDN1 не отвечает на проверку работоспособности
05.03 19:36:52:050 [KP] ZRDN2 не отвечает на проверку работоспособности
05.03 19:36:52:198 [KP] ZRDN3 не отвечает на проверку работоспособности
05.03 19:36:54:339 ZRDN1 работоспособность подтверждена
05.03 19:36:57:999 SPRO выстрел по цели ID:69d6bfb выстрел, осталось 7
05.03 19:36:58:083 SPRO работоспособность подтверждена
05.03 19:36:59:195 RLS1 обнаружена цель ID:68aaafr с координатами 5332584 3382960
05.03 19:36:59:787 ZRDN3 работоспособность подтверждена
05.03 19:36:59:862 ZRDN2 работоспособность подтверждена
05.03 19:36:59:946 RLS1 работоспособность подтверждена
05.03 19:37:01:655 [KP] RLS2 не отвечает на проверку работоспособности
05.03 19:37:01:758 [KP] RLS3 не отвечает на проверку работоспособности
05.03 19:37:07:728 RLS3 работоспособность подтверждена
05.03 19:37:11:424 [KP] RLS1 не отвечает на проверку работоспособности
05.03 19:37:11:530 [KP] RLS2 не отвечает на проверку работоспособности
05.03 19:37:11:752 [KP] SPRO не отвечает на проверку работоспособности
05.03 19:37:11:857 [KP] ZRDN1 не отвечает на проверку работоспособности
05.03 19:37:11:972 [KP] ZRDN2 не отвечает на проверку работоспособности
05.03 19:37:12:084 [KP] ZRDN3 не отвечает на проверку работоспособности
05.03 19:37:12:679 RLS2 работоспособность подтверждена
05.03 19:37:18:406 ZRDN1 работоспособность подтверждена
05.03 19:37:21:552 SPRO работоспособность подтверждена
05.03 19:37:21:653 [KP] RLS1 не отвечает на проверку работоспособности
05.03 19:37:21:812 [KP] RLS3 не отвечает на проверку работоспособности
05.03 19:37:22:045 [KP] ZRDN2 не отвечает на проверку работоспособности
05.03 19:37:22:149 [KP] ZRDN3 не отвечает на проверку работоспособности
05.03 19:37:23:751 RLS1 обнаружена цель ID:3b3786b с координатами 6198617 1194473
05.03 19:37:23:829 ZRDN3 работоспособность подтверждена
05.03 19:37:23:905 ZRDN2 работоспособность подтверждена
05.03 19:37:24:507 RLS1 работоспособность подтверждена
05.03 19:37:30:744 RLS3 работоспособность подтверждена
05.03 19:37:31:444 [KP] RLS2 не отвечает на проверку работоспособности
05.03 19:37:31:631 [KP] SPRO не отвечает на проверку работоспособности
05.03 19:37:31:741 [KP] ZRDN1 не отвечает на проверку работоспособности
05.03 19:37:35:553 RLS2 обнаружена цель ID:3b3786b с координатами 6172234 1247946
05.03 19:37:36:161 RLS2 работоспособность подтверждена
05.03 19:37:41:400 [KP] RLS1 не отвечает на проверку работоспособности
05.03 19:37:41:614 [KP] RLS3 не отвечает на проверку работоспособности
05.03 19:37:41:793 [KP] SPRO не отвечает на проверку работоспособности
05.03 19:37:41:905 [KP] ZRDN1 не отвечает на проверку работоспособности
05.03 19:37:42:025 [KP] ZRDN2 не отвечает на проверку работоспособности
05.03 19:37:42:147 [KP] ZRDN3 не отвечает на проверку работоспособности
05.03 19:37:42:747 ZRDN1 работоспособность подтверждена
05.03 19:37:46:419 SPRO работоспособность подтверждена
05.03 19:37:48:036 ZRDN3 работоспособность подтверждена
05.03 19:37:48:150 ZRDN2 работоспособность подтверждена
05.03 19:37:48:292 RLS1 обнаружена цель ID:2343f2b с координатами 3372867 6204709
05.03 19:37:48:924 RLS1 обнаружена цель ID:00f1acb с координатами 6094160 4828356
05.03 19:37:49:048 RLS1 работоспособность подтверждена
05.03 19:37:51:331 [KP] RLS2 не отвечает на проверку работоспособности
05.03 19:37:51:452 [KP] RLS3 не отвечает на проверку работоспособности
05.03 19:37:55:908 RLS3 работоспособность подтверждена
05.03 19:38:01:154 RLS2 обнаружена цель ID:cceb26r с координатами 2810558 2024370
05.03 19:38:01:318 [KP] RLS1 не отвечает на проверку работоспособности
05.03 19:38:01:459 [KP] RLS2 не отвечает на проверку работоспособности
05.03 19:38:01:688 [KP] SPRO не отвечает на проверку работоспособности
05.03 19:38:01:809 [KP] ZRDN1 не отвечает на проверку работоспособности
05.03 19:38:01:910 [KP] ZRDN2 не отвечает на проверку работоспособности
05.03 19:38:02:007 [KP] ZRDN3 не отвечает на проверку работоспособности
05.03 19:38:02:590 RLS2 работоспособность подтверждена
05.03 19:38:07:281 ZRDN1 работоспособность подтверждена
05.03 19:38:09:906 SPRO цель уничтожена ID:69d6bfb цель уничтожена СПРО
05.03 19:38:09:994 SPRO работоспособность подтверждена
05.03 19:38:11:130 [KP] RLS1 не отвечает на проверку работоспособности
05.03 19:38:11:319 [KP] RLS3 не отвечает на проверку работоспособности
05.03 19:38:11:592 [KP] ZRDN2 не отвечает на проверку работоспособности
05.03 19:38:11:701 [KP] ZRDN3 не отвечает на проверку работоспособности
05.03 19:38:12:298 ZRDN3 работоспособность подтверждена
05.03 19:38:12:396 ZRDN2 работоспособность подтверждена
05.03 19:38:12:503 RLS1 обнаружена цель ID:cceb26r с координатами 2811860 2029900
05.03 19:38:13:102 RLS1 обнаружена цель ID:d1e0d6b с координатами 2587732 3834270
05.03 19:38:13:187 RLS1 обнаружена цель ID:a611afb с координатами 5980230 1351624
05.03 19:38:13:270 RLS1 работоспособность подтверждена
05.03 19:38:21:190 [KP] RLS2 не отвечает на проверку работоспособности
05.03 19:38:21:311 [KP] RLS3 не отвечает на проверку работоспособности
05.03 19:38:21:452 [KP] SPRO не отвечает на проверку работоспособности
05.03 19:38:21:587 [KP] ZRDN1 не отвечает на проверку работоспособности
05.03 19:38:22:368 RLS3 работоспособность подтверждена
05.03 19:38:26:583 RLS2 работоспособность подтверждена
05.03 19:38:31:379 [KP] RLS1 не отвечает на проверку работоспособности
05.03 19:38:31:729 [KP] SPRO не отвечает на проверку работоспособности
05.03 19:38:31:891 [KP] ZRDN1 не отвечает на проверку работоспособности
05.03 19:38:32:065 [KP] ZRDN2 не отвечает на проверку работоспособности
05.03 19:38:32:216 [KP] ZRDN3 не отвечает на проверку работоспособности
05.03 19:38:33:359 ZRDN1 работоспособность подтверждена
05.03 19:38:37:596 SPRO обнаружена цель ID:d1e0d6b с координатами 2696258 3819255
05.03 19:38:38:252 SPRO работоспособность подтверждена
05.03 19:38:40:420 ZRDN3 работоспособность подтверждена
05.03 19:38:41:028 ZRDN2 работоспособность подтверждена
05.03 19:38:41:154 [KP] RLS1 не отвечает на проверку работоспособности
05.03 19:38:41:274 [KP] RLS2 не отвечает на проверку работоспособности
05.03 19:38:41:388 [KP] RLS3 не отвечает на проверку работоспособности
05.03 19:38:42:303 RLS1 обнаружена цель ID:c038c8s с координатами 5528000 2097640
05.03 19:38:42:423 RLS1 работоспособность подтверждена
05.03 19:38:48:673 RLS3 работоспособность подтверждена
05.03 19:38:51:433 [KP] RLS2 не отвечает на проверку работоспособности
05.03 19:38:51:617 [KP] SPRO не отвечает на проверку работоспособности
05.03 19:38:51:731 [KP] ZRDN1 не отвечает на проверку работоспособности
05.03 19:38:51:838 [KP] ZRDN2 не отвечает на проверку работоспособности
05.03 19:38:51:947 [KP] ZRDN3 не отвечает на проверку работоспособности
05.03 19:38:52:545 RLS2 работоспособность подтверждена
05.03 19:38:58:260 ZRDN1 работоспособность подтверждена
05.03 19:39:01:415 SPRO выстрел по цели ID:d1e0d6b выстрел, осталось 6
05.03 19:39:01:529 [KP] RLS1 не отвечает на проверку работоспособности
05.03 19:39:01:711 [KP] RLS3 не отвечает на проверку работоспособности
05.03 19:39:01:823 [KP] SPRO не отвечает на проверку работоспособности
05.03 19:39:01:995 [KP] ZRDN2 не отвечает на проверку работоспособности
05.03 19:39:02:107 [KP] ZRDN3 не отвечает на проверку работоспособности
05.03 19:39:02:707 SPRO работоспособность подтверждена
05.03 19:39:03:824 ZRDN3 работоспособность подтверждена
05.03 19:39:03:922 ZRDN2 работоспособность подтверждена
05.03 19:39:05:043 RLS1 обнаружена цель ID:d69e49s с координатами 4580308 4041756
05.03 19:39:05:136 RLS1 обнаружена цель ID:c038c8s с координатами 5528000 2098600
05.03 19:39:05:742 RLS1 работоспособность подтверждена
05.03 19:39:11:466 RLS3 работоспособность подтверждена
05.03 19:39:11:644 [KP] RLS2 не отвечает на проверку работоспособности
05.03 19:39:11:882 [KP] ZRDN1 не отвечает на проверку работоспособности
05.03 19:39:15:670 RLS2 работоспособность подтверждена
05.03 19:39:20:876 ZRDN1 работоспособность подтверждена
05.03 19:39:21:503 [KP] RLS1 не отвечает на проверку работоспособности
05.03 19:39:21:676 [KP] RLS3 не отвечает на проверку работоспособности
05.03 19:39:21:787 [KP] SPRO не отвечает на проверку работоспособности
05.03 19:39:21:988 [KP] ZRDN2 не отвечает на проверку работоспособности
05.03 19:39:22:113 [KP] ZRDN3 не отвечает на проверку работоспособности
05.03 19:39:24:253 SPRO работоспособность подтверждена
05.03 19:39:26:388 ZRDN2 обнаружена цель ID:0af120r с координатами 8817573 4676029
05.03 19:39:26:469 ZRDN3 работоспособность подтверждена
05.03 19:39:26:545 ZRDN2 работоспособность подтверждена
05.03 19:39:27:656 RLS1 обнаружена цель ID:dbda42s с координатами 5516930 7500460
05.03 19:39:28:260 RLS1 обнаружена цель ID:2360fbs с координатами 6423566 7675426
05.03 19:39:28:339 RLS1 работоспособность подтверждена
05.03 19:39:31:601 [KP] RLS2 не отвечает на проверку работоспособности
05.03 19:39:31:721 [KP] RLS3 не отвечает на проверку работоспособности
05.03 19:39:31:901 [KP] ZRDN1 не отвечает на проверку работоспособности
05.03 19:39:35:165 RLS3 работоспособность подтверждена
05.03 19:39:38:863 RLS2 работоспособность подтверждена
05.03 19:39:41:569 [KP] RLS1 не отвечает на проверку работоспособности
05.03 19:39:41:838 [KP] SPRO не отвечает на проверку работоспособности
05.03 19:39:41:953 [KP] ZRDN1 не отвечает на проверку работоспособности
05.03 19:39:42:074 [KP] ZRDN2 не отвечает на проверку работоспособности
05.03 19:39:42:210 [KP] ZRDN3 не отвечает на проверку работоспособности
05.03 19:39:43:827 ZRDN1 работоспособность подтверждена
05.03 19:39:46:977 SPRO работоспособность подтверждена
05.03 19:39:49:134 ZRDN2 выстрел по цели ID:0af120r выстрел, осталось 18
05.03 19:39:49:736 ZRDN3 работоспособность подтверждена
05.03 19:39:49:835 ZRDN2 работоспособность подтверждена
05.03 19:39:50:967 RLS1 обнаружена цель ID:621196r с координатами 5087304 1329629
05.03 19:39:51:112 [KP] RLS1 не отвечает на проверку работоспособности
05.03 19:39:51:246 [KP] RLS2 не отвечает на проверку работоспособности
05.03 19:39:51:382 [KP] RLS3 не отвечает на проверку работоспособности
05.03 19:39:52:329 RLS1 работоспособность подтверждена
05.03 19:39:59:617 RLS3 работоспособность подтверждена
05.03 19:40:01:354 [KP] RLS2 не отвечает на проверку работоспособности
05.03 19:40:01:560 [KP] SPRO не отвечает на проверку работоспособности
05.03 19:40:01:681 [KP] ZRDN1 не отвечает на проверку работоспособности
05.03 19:40:01:796 [KP] ZRDN2 не отвечает на проверку работоспособности
05.03 19:40:01:927 [KP] ZRDN3 не отвечает на проверку работоспособности
05.03 19:40:02:517 RLS2 обнаружена цель ID:621196r с координатами 5091912 1332887
05.03 19:40:03:132 RLS2 обнаружена цель ID:f2ebffs с координатами 4607144 1002627
05.03 19:40:03:229 RLS2 работоспособность подтверждена
05.03 19:40:07:947 ZRDN1 работоспособность подтверждена
05.03 19:40:11:106 SPRO работоспособность подтверждена
05.03 19:40:11:212 [KP] RLS1 не отвечает на проверку работоспособности
05.03 19:40:11:378 [KP] RLS3 не отвечает на проверку работоспособности
05.03 19:40:11:599 [KP] ZRDN2 не отвечает на проверку работоспособности
05.03 19:40:11:706 [KP] ZRDN3 не отвечает на проверку работоспособности
05.03 19:40:14:351 ZRDN3 работоспособность подтверждена
05.03 19:40:14:955 ZRDN2 работоспособность подтверждена
05.03 19:40:16:085 RLS1 обнаружена цель ID:f0d8bcr с координатами 3075880 5653550
05.03 19:40:16:700 RLS1 обнаружена цель ID:f2ebffs с координатами 4607528 1004299
05.03 19:40:16:821 RLS1 обнаружена цель ID:a55d30s с координатами 6468588 1391268
05.03 19:40:17:440 RLS1 работоспособность подтверждена
